Datetext,Agente,Opening,Consumption,Retainage,Purchase,Sales,Lending,Borrowing,Repayment,Payment,Closing
20260101,GANA,340219.4041,-13.07982484,59.74360112,0,0,,,,,340266.0678
20260101,GATUN,982052.08,-43254.59,434.4989172,0,0,,,,,939231.9889
20260101,CLM,1429.757059,-2682.73,16.65660651,0,0,,,,,-1236.316334
20260102,GATUN,939231.9889,-47501.43,105.4740381,0,0,,,,,891836.033
20260102,CLM,-1236.316334,-3113.19,4.043369223,0,0,,,,,-4345.462965
20260102,GANA,340266.0678,-13.26938752,14.50268023,0,0,,,,,340267.3011
20260103,GANA,340267.3011,-18.0084545,-351.7623246,0,0,,,,,339897.5304
20260103,GATUN,891836.033,-35731.13,-2558.271452,0,0,,,,,853546.6315
20260103,CLM,-4345.462965,-3936.08,-98.07186908,0,0,,,,,-8379.614834
20260104,CLM,-8379.614834,-1760.63,54.37429831,0,0,,,,,-10085.87054
20260104,GANA,339897.5304,-12.79548083,195.0287045,0,0,,,,,340079.7636
20260104,GATUN,853546.6315,-34079.43,1418.390578,0,0,,,,,820885.5921
20260105,CLM,-10085.87054,-1745.93,-62.13650397,0,0,,,,,-11893.93704
20260105,GANA,340079.7636,-14.4067636,-222.8700369,0,0,,,,,339842.4868
20260105,GATUN,820885.5921,-37271.65,-1620.872996,0,0,,,,,781993.0691
20260106,GATUN,781993.0691,-43249.48,54.49712736,0,0,,,,,738798.0862
20260106,CLM,-11893.93704,-2518.29,2.089158731,0,0,,,,,-14410.13788
20260106,GANA,339842.4868,-17.0606411,7.493355012,0,0,,,,,339832.9195
20260107,CLM,-14410.13788,-2616.52,-19.38604534,0,0,,,,,-17046.04393
20260107,GATUN,738798.0862,-35182.46,-505.6981866,0,0,,,,,703109.928
20260107,GANA,339832.9195,-11.84766743,-69.53350065,0,0,,,,,339751.5383
20260108,CLM,-17046.04393,-852.93,2959.951307,195043.88,0,,,,,180104.8574
20260108,GANA,339751.5383,-11771.84236,47924.56659,3157955.13,0,,,,,3533859.393
20260108,GATUN,703109.928,-35841.16,0,0,0,,,,,667268.768
20260109,CLM,180104.8574,-1663.45,-2084.275067,0,0,,,,,176357.1323
20260109,GATUN,667268.768,-38130,0,0,0,,,,,629138.768
20260109,GANA,3533859.393,-19820.38936,-33746.49407,0,0,,,,,3480292.509
20260110,GATUN,629138.768,-43100,0,0,0,,,,,586038.768
20260110,GANA,3480292.509,-5575.891418,-4138.669048,0,0,,,,,3470577.949
20260110,CLM,176357.1323,-3291.13,-255.6154334,0,0,,,,,172810.3869
20260111,CLM,172810.3869,-1699.68,7.158130072,0,0,,,,,171117.865
20260111,GANA,3470577.949,-14.88067029,25.67464552,0,0,,,,,3470588.743
20260111,GATUN,586038.768,-53206.84,186.7246947,0,0,,,,,533018.6527
20260112,GANA,3470588.743,-11638.95892,1.21861506,0,0,,,,,3458951.002
20260112,GATUN,533018.6527,-63249.21,8.862654983,0,0,,,,,469778.3054
20260112,CLM,171117.865,-2584.88,0.339751725,0,0,,,,,168533.3248
20260113,CLM,168533.3248,-1698.16,-28.12249081,0,0,,,,,166807.0423
20260113,GANA,3458951.002,-4129.528178,-100.869218,0,0,,,,,3454720.605
20260113,GATUN,469778.3054,-67439.84,-733.5943127,0,0,,,,,401604.8711
20260114,CLM,166807.0423,-2556.16,-18.19698256,0,0,,,,,164232.6853
20260114,GATUN,401604.8711,-45295.24,-474.6806747,0,0,,,,,355834.9504
20260114,GANA,3454720.605,-14059.57955,-65.26859277,0,0,,,,,3440595.757
20260115,CLM,164232.6853,-1736.9,122.0736974,0,0,,,,,162617.859
20260115,GANA,3440595.757,-16316.5128,437.8516284,0,0,,,,,3424717.096
20260115,GATUN,355834.9504,-69954.76,3184.375479,0,0,,,,,289064.5659
20260116,GATUN,289064.5659,-73657.77,381.3343802,0,0,,,,,215788.1302
20260116,CLM,162617.859,-2570.09,14.61853291,0,0,,,,,160062.3875
20260116,GANA,3424717.096,-16.30239039,52.43347728,0,0,,,,,3424753.227
20260117,GATUN,215788.1302,-70540.23,366.0236019,0,0,,500000,,,645613.9239
20260117,CLM,160062.3875,-2479.23,14.03159104,0,0,-22325,,,,135272.1891
20260117,GANA,3424753.227,-14.02763824,50.32824527,0,0,-477675,,,,2947114.527
20260118,GANA,2947114.527,-14.12241958,102.3348738,0,0,,,,,2947202.74
20260118,GATUN,645613.9239,-53784.64,744.2536279,0,0,,,,,592573.5375
20260118,CLM,135272.1891,-1771.56,28.53111788,0,0,,,,,133529.1602
20260119,CLM,133529.1602,-3330.75,42.18438777,0,0,,,,,130240.5946
20260119,GANA,2947202.74,-18.19801717,151.306164,0,0,,,,,2947335.848
20260119,GATUN,592573.5375,-56665.89,1100.408465,0,0,,,,,537008.0559
20260120,GANA,2947335.848,-11.37376073,52.40074282,0,0,,,,,2947376.875
20260120,GATUN,537008.0559,-49201.39,381.0963114,0,0,,,,,488187.7623
20260120,CLM,130240.5946,-2599,14.60940649,0,0,,,,,127656.204
20260121,GANA,2947376.875,-16.96585976,-24.46346676,0,0,,,,,2947335.446
20260121,GATUN,488187.7623,-43828.45,-177.9161219,0,0,,,,,444181.3961
20260121,CLM,127656.204,-1756.07,-6.820451598,0,0,,,,,125893.3136
20260122,GANA,2947335.446,-15.73370235,23.40607245,0,0,,,,,2947343.118
20260122,CLM,125893.3136,-3426.48,6.525648462,0,0,,,,,122473.3592
20260122,GATUN,444181.3961,-51869.56,170.2259814,0,0,,,,,392482.0621
20260123,GATUN,392482.0621,-67334.86,86.44696706,0,0,,,,,325233.6491
20260123,GANA,2947343.118,-13.26938752,11.88645797,0,0,,,,,2947341.735
20260123,CLM,122473.3592,-1747.31,3.313962492,0,0,,,,,120729.3632
20260124,CLM,120729.3632,-2406.01,-5.625246386,0,0,-12001,,,,106316.7279
20260124,GATUN,325233.6491,-75718.18,-146.7383805,0,0,,300000,,,549368.7307
20260124,GANA,2947341.735,-1247.227646,-20.17652732,0,0,-287999,,,,2658075.331
20260125,GATUN,549368.7307,-55323.51,-635.182219,0,0,,,,,493410.0385
20260125,GANA,2658075.331,-8.719883229,-87.33755511,0,0,,,,,2657979.273
20260125,CLM,106316.7279,-1809,-24.34984269,0,0,,,,,104483.3781
20260126,GANA,2657979.273,-13.26938752,-14.47623174,0,0,,,,,2657951.528
20260126,CLM,104483.3781,-871.9,-4.035995343,0,0,,,,,103607.4421
20260126,GATUN,493410.0385,-75619.87,-105.2816854,0,0,,,,,417684.8868
20260127,CLM,103607.4421,-1646.29,-13.68299024,0,0,,,,,101947.4691
20260127,GATUN,417684.8868,-82462.25,-356.930113,0,0,,,,,334865.7067
20260127,GANA,2657951.528,-13.17460618,-49.07789054,0,0,,,,,2657889.275
20260128,CLM,101947.4691,-2607.95,19.41974829,0,0,,,,,99358.93886
20260128,GATUN,334865.7067,-78625.14,506.5773511,0,0,,,,,256747.144
20260128,GANA,2657889.275,-17.34498512,69.65438577,0,0,,,,,2657941.585
20260129,GATUN,256747.144,-76200.96,46.51168514,0,0,,,,,180592.6957
20260129,GANA,2657941.585,-15.35457699,6.395356707,0,0,,,,,2657932.625
20260129,CLM,99358.93886,-1526.28,1.78303514,0,0,,,,,97834.44189
20260130,GANA,2657932.625,-9.857259303,-25.18478813,0,0,,,,,2657897.583
20260130,GATUN,180592.6957,-72035.02,-183.1620955,0,0,,,,,108374.5136
20260130,CLM,97834.44189,-2615.34,-7.021557089,0,0,,,,,95212.08033
20260131,GATUN,108374.5136,-24186.54,-419.9604404,0,0,,600000,,,683768.0132
20260131,CLM,95212.08033,-2641.46,-16.09927097,0,0,-20783,,,,71771.52106
20260131,GANA,2657897.583,-43.03072811,-57.74456055,0,0,-579217,,,,2078579.808
20260201,GATUN,683768.0132,-8138.04,6390.732761,0,0,,,,,682020.7059
20260201,GANA,2078579.808,-25.97008701,878.7257546,0,0,,,,,2079432.564
20260201,CLM,71771.52106,-876.77,244.9900718,0,0,,,,,71139.74113
20260202,GANA,2079432.564,-13.4589502,-985.5840352,0,0,,,,,2078433.521
20260202,CLM,71139.74113,-4149.71,-274.7823223,0,0,,,,,66715.24881
20260202,GATUN,682020.7059,-34.35,-7167.883892,0,0,,,,,674818.4721
20260203,GATUN,674818.4721,-4.34,-9810.953516,0,0,,,,,665003.1785
20260203,GANA,2078433.521,-10.52072868,-1349.006108,0,0,,,,,2077073.994
20260203,CLM,66715.24881,-3449.24,-376.104947,0,0,,,,,62889.90387
20260204,CLM,62889.90387,-2613.22,-194.0175017,0,0,,,,,60082.66636
20260204,GANA,2077073.994,-16.68151574,-695.8983045,0,0,,,,,2076361.414
20260204,GATUN,665003.1785,-5.91,-5061.078578,0,0,,,,,659936.19
20260205,GANA,2076361.414,-25.97008701,-604.4755319,0,0,,,,,2075730.969
20260205,GATUN,659936.19,-6385.98,-4396.185687,0,0,,,,,649154.0243
20260205,CLM,60082.66636,-4235.72,-168.5286942,0,0,,,,,55678.41767
20260206,GATUN,649154.0243,-3.97,0,0,0,,,,,649150.0543
20260206,GANA,2075730.969,-26195.95094,-13766.48107,0,-971730,,,,,1064038.537
20260206,CLM,55678.41767,-887.75,0,0,0,,,,,54790.66767
20260207,GATUN,649150.0543,-30058.97,0,0,0,,,,,619091.0843
20260207,CLM,54790.66767,-1768.73,0,0,0,,,,,53021.93767
20260207,GANA,1064038.537,-15157.33702,-2129.885462,0,0,,,,,1046751.314
20260208,GATUN,619091.0843,-34108.84,-796.3618216,0,0,,,,,584185.8824
20260208,CLM,53021.93767,0,-30.52869634,0,0,,,,,52991.40897
20260208,GANA,1046751.314,-13.55373154,-109.4997505,0,0,,,,,1046628.261
20260209,GANA,1046628.261,-16.20760905,69.91891437,0,0,,,,,1046681.972
20260209,CLM,52991.40897,-2461.1,19.49349926,0,0,,,,,50549.80247
20260209,GATUN,584185.8824,-37663.31,508.5011954,0,0,,,,,547031.0736
20260210,CLM,50549.80247,-1696.72,18.75388756,0,0,,,,,48871.83636
20260210,GANA,1046681.972,-23.88489754,67.26608912,0,0,,,,,1046725.353
20260210,GATUN,547031.0736,-31182.3,489.2079209,0,0,,,,,516337.9816
20260211,CLM,48871.83636,-3382.5584,-89.33765635,0,0,,,,,45399.9403
20260211,GANA,1046725.353,-36.77515971,-320.4346156,0,0,,,,,1046368.143
20260211,GATUN,516337.9816,-10767.47,-2330.433568,0,0,,,,,503240.078
20260212,GATUN,503240.078,-14833.24,-2980.064756,0,0,,,,,485426.7732
20260212,CLM,45399.9403,-1768.3,-114.2414033,0,0,,,,,43517.3989
20260212,GANA,1046368.143,-12.51113681,-409.7589039,0,0,,,,,1045945.873
20260213,GANA,1045945.873,-68.62168976,-392.4524718,0,0,,,,,1045484.799
20260213,GATUN,485426.7732,-11778.77,-2854.199795,0,0,,,,,470793.8034
20260213,CLM,43517.3989,-3388.31,-109.4163438,0,0,,,,,40019.67256
20260214,GANA,1045484.799,-33.26825015,-459.2427562,0,0,,,,,1044992.288
20260214,GATUN,470793.8034,-12612.61,-3339.947317,0,0,,,,,454841.2461
20260214,CLM,40019.67256,-3406.36,-128.0375762,0,0,,,,,36485.27498
20260215,GANA,1044992.288,-37.62819176,-471.7950566,0,0,,,,,1044482.865
20260215,GATUN,454841.2461,-18041.42,-3431.236775,0,0,,,,,433368.5894
20260215,CLM,36485.27498,-1750.67,-131.5371766,0,0,,,,,34603.0678
20260216,CLM,34603.0678,-913.32,-53.80757767,0,0,,,,,33635.94023
20260216,GANA,1044482.865,-45.02113624,-192.9960016,0,0,,,,,1044244.848
20260216,GATUN,433368.5894,-30274,-1403.607284,0,0,,,,,401690.9821
20260217,GANA,1044244.848,-49.28629651,-221.1404593,0,0,,,,,1043974.421
20260217,CLM,33635.94023,-885.62,-61.6542951,0,0,,,,,32688.66593
20260217,GATUN,401690.9821,-22009.33,-1608.294249,0,0,,,,,378073.3578
20260218,CLM,32688.66593,-2432.83,-52.88333802,0,0,,,,,30202.95259
20260218,GANA,1043974.421,-24.16924156,-189.6809563,0,0,,,,,1043760.571
20260218,GATUN,378073.3578,-53115.82,-1379.497864,0,0,,,,,323578.04
20260219,GANA,1043760.571,-16.87107842,0,0,0,,,,,1043743.7
20260219,CLM,30202.95259,-1741.61,-3164.215199,105428.43,0,,,,,130725.5574
20260219,GATUN,323578.04,-91966.33,-68986.87852,2298572.58,0,,,,,2461197.411
20260220,GATUN,2461197.411,-94369.64,74408.02373,0,0,,,,-1400000,1041235.795
20260220,CLM,130725.5574,-1718.42,3412.866398,0,0,,,55109,,187529.0038
20260220,GANA,1043743.7,-14.59632628,0,0,0,,,1344891,,2388620.103
20260221,GANA,2388620.103,-128.3339336,226.7889265,0,0,,,,,2388718.558
20260221,GATUN,1041235.795,-92287.78,1649.374011,0,0,,,,,950597.3892
20260221,CLM,187529.0038,-3424.76,63.22909632,0,0,,,,,184167.4729
20260222,GATUN,950597.3892,-39527.63,-1655.795617,0,0,,,,,909413.9636
20260222,GANA,2388718.558,-16.68151574,-227.6718973,0,0,,,,,2388474.205
20260222,CLM,184167.4729,-889,-63.47526993,0,0,,,,,183214.9976
20260223,GATUN,909413.9636,-24854.89,-1028.650296,0,0,,,,,883530.4233
20260223,GANA,2388474.205,-22.7285652,-141.4394157,0,0,,,,,2388310.037
20260223,CLM,183214.9976,-1751.06,-39.43352339,0,0,,,,,181424.5041
20260224,CLM,181424.5041,-2581.11,-60.43317465,0,0,,,,,178782.9609
20260224,GANA,2388310.037,-24.54836692,-216.7605675,0,0,,,,,2388068.728
20260224,GATUN,883530.4233,-35012.59,-1576.440491,0,0,,,,,846941.3928
20260225,CLM,178782.9609,-3425.53,-14.24721196,0,0,,,,,175343.1837
20260225,GATUN,846941.3928,-26726.01,-371.6482205,0,0,,,,,819843.7345
20260225,GANA,2388068.728,-19.61973727,-51.10163031,0,0,,,,,2387998.007
20260226,GATUN,819843.7345,-43345.96,-74.65334228,0,0,,,,,776423.1212
20260226,GANA,2387998.007,-16.39717172,-10.26483456,0,0,,,,,2387971.345
20260226,CLM,175343.1837,-1700.07,-2.861851429,0,0,,,,,173640.2519
20260227,GANA,2387971.345,-17.62932914,2.224225587,0,0,,,,,2387955.94
20260227,CLM,173640.2519,-2532.28,0.620117464,0,0,,,,,171108.592
20260227,GATUN,776423.1212,-75165.79,16.17618609,0,0,,,,,701273.5074
20260228,GATUN,701273.5074,-47933.54,-561.8454171,0,0,,,,,652778.122
20260228,GANA,2387955.94,-15.35457699,-77.25374484,0,0,,,,,2387863.331
20260228,CLM,171108.592,-1803.77,-21.53846111,0,0,,,,,169283.2835
20260301,GATUN,652778.122,-44658.13,193.172526,0,0,,,,,608313.1645
20260301,GANA,2387863.331,-21.04145736,26.56122233,0,0,,,,,2387868.851
20260301,CLM,169283.2835,-4160.61,7.405309029,0,0,,,,,165130.0788
20260302,GATUN,608313.1645,-65845.44,-1530.016723,0,0,,,,,540937.7078
20260302,GANA,2387868.851,-14.69110761,-210.3772994,0,0,,,,,2387643.783
20260302,CLM,165130.0788,-2420.73,-58.65350983,0,0,,,,,162650.6953
20260303,GANA,2387643.783,-10.99463538,304.9380924,0,0,,,,,2387937.726
20260303,GATUN,540937.7078,-58319.26,2217.731581,0,0,,,,,484836.1794
20260303,CLM,162650.6953,-2618.17,85.01720218,0,0,,,,,160117.5425
20260304,GANA,2387937.726,-19.99886262,26.56448552,0,0,,,,,2387944.292
20260304,CLM,160117.5425,-890.52,7.406218811,0,0,,,,,159234.4287
20260304,GATUN,484836.1794,-77033.3,193.1962583,0,0,,,,,407996.0756
20260305,GANA,2387944.292,-18.19801717,178.9829462,0,0,,,,,2388105.077
20260305,CLM,159234.4287,-2585.89,49.90071659,0,0,,,,,156698.4394
20260305,GATUN,407996.0756,-90331.48,1301.694154,0,0,,,,,318966.2898
20260306,GANA,2388105.077,-13.17460618,103.7163095,0,0,,,,,2388195.618
20260306,CLM,156698.4394,-3488.48,28.91626423,0,0,,,,,153238.8757
20260306,GATUN,318966.2898,-80045.95,754.3004325,0,0,,,,,239674.6402
20260307,GATUN,239674.6402,-68760.68,693.7508723,0,0,,,,,171607.7111
20260307,GANA,2388195.618,-3266.449301,95.39074494,0,0,,,,,2385024.56
20260307,CLM,153238.8757,-3340.65,26.59508422,0,0,,,,,149924.8208
20260308,CLM,149924.8208,-1750.64,43.70308257,0,0,,,,,148217.8839
20260308,GATUN,171607.7111,-74139.41,1140.024653,0,0,,,,,98608.32573
20260308,GANA,2385024.56,-556.5560252,156.7533898,0,0,,,,,2384624.757
20260309,CLM,148217.8839,-1763.04,-9.752504906,0,0,,,,,146445.0914
20260309,GATUN,98608.32573,-71455.29,-254.400728,0,0,,,,,26898.635
20260309,GANA,2384624.757,-3600.837867,-34.98010009,0,0,,,,,2380988.939
20260310,GATUN,26898.635,-87578.17,2297.367097,0,0,,,,,-58382.1679
20260310,CLM,146445.0914,-2562.2913,88.07004628,0,0,,,,,143970.8701
20260310,GANA,2380988.939,-1868.045419,315.8879758,0,0,,,,,2379436.782
20260311,GATUN,-58382.1679,-86059.45,3397.307174,1187061.05,0,,,,,1046016.739
20260311,CLM,143970.8701,-885.536,291.1973571,101747.95,0,,,,,245124.4815
20260311,GANA,2379436.782,-1860.368131,0,0,0,,,,,2377576.414
20260312,GANA,2377576.414,-10.8050727,0,0,0,,,,,2377565.608
20260312,GATUN,1046016.739,-81261.37,-1396.522835,0,0,,,,,963358.8464
20260312,CLM,245124.4815,-3482.09,-119.7017926,0,0,,,,,241522.6897
20260313,CLM,241522.6897,-2657.25,-54.5250056,0,0,,,,,238810.9147
20260313,GANA,2377565.608,-12.41635547,-195.5692586,0,0,,,,,2377357.623
20260313,GATUN,963358.8464,-72737.62,-1422.32188,0,0,,,,,889198.9046
20260314,GATUN,889198.9046,-45542.36,-1282.762421,0,0,,,,,842373.7821
20260314,GANA,2377357.623,-158.5691809,-176.379833,0,0,,,,,2377022.674
20260314,CLM,238810.9147,-3374.75,-49.17496467,0,0,,,,,235386.9897
20260315,CLM,235386.9897,-1748.14,-68.8578035,0,0,,,,,233569.9919
20260315,GANA,2377022.674,-19.14583057,-246.9778669,0,0,,,,,2376756.55
20260315,GATUN,842373.7821,-47480.33,-1796.202668,0,0,,,,,793097.2495
20260316,GANA,2376756.55,-13.26938752,-62.81186976,0,0,,,,,2376680.469
20260316,CLM,233569.9919,-1806.77,-17.51204446,0,0,,,,,231745.7099
20260316,GATUN,793097.2495,-70926.38,-456.8135983,0,0,,,,,721714.0559
20260317,CLM,231745.7099,-3279.55,-36.32134914,0,0,,,,,228429.8385
20260317,GANA,2376680.469,-17.72411048,-130.276728,0,0,,,,,2376532.468
20260317,GATUN,721714.0559,-87929.02,-947.4671124,0,0,,,,,632837.5688
20260318,GANA,2376532.468,-16.11282771,14.48646561,0,0,,,,,2376530.842
20260318,GATUN,632837.5688,-95267.8,105.3561135,0,0,,,,,537675.1249
20260318,CLM,228429.8385,-2504.77,4.038848562,0,0,,,,,225929.1074
20260319,GATUN,537675.1249,-93081.61,-776.485602,0,0,,,,,443817.0293
20260319,GANA,2376530.842,-16.30239039,-106.7667703,0,0,,,,,2376407.773
20260319,CLM,225929.1074,-1832.41,-29.76673732,0,0,,,,,224066.9306
20260320,GATUN,443817.0293,-82737.91,-875.1209751,0,0,,,,,360203.9983
20260320,GANA,2376407.773,-8.909445908,-120.3291341,0,0,,,,,2376278.534
20260320,CLM,224066.9306,-3520.04,-33.5479449,0,0,,,,,220513.3427
20260321,GATUN,360203.9983,-48576.59,-558.5148086,0,0,,,,,311068.8935
20260321,GANA,2376278.534,-78.09982371,-76.79578618,0,0,,,,,2376123.638
20260321,CLM,220513.3427,-3234.23,-21.41078154,0,0,,,,,217257.7019
20260322,GANA,2376123.638,-5333.440752,45.8946186,0,0,,,,,2370836.092
20260322,CLM,217257.7019,-854.68,12.7954892,0,0,,,,,216415.8174
20260322,GATUN,311068.8935,-53475.79,333.7790444,0,0,,,,,257926.8825
20260323,GANA,2370836.092,-18.76670521,-97.45777746,0,-1200000,,,,,1170719.868
20260323,GATUN,257926.8825,-58163.93,-708.7838361,1200000,0,,,,,1399054.169
20260323,CLM,216415.8174,-2633.9,-27.17137602,0,0,,,,,213754.746
20260324,GANA,1170719.868,-13.83807556,-214.3352224,0,0,,,,,1170491.694
20260324,CLM,213754.746,-2583.1987,-59.75698475,0,0,,,,,211111.7903
20260324,GATUN,1399054.169,-55542.19,-1558.801617,0,0,,,,,1341953.177
20260325,CLM,211111.7903,-3241.1576,0.176272778,0,0,,,,,207870.809
20260325,GATUN,1341953.177,-50689.8,4.598195392,0,0,,,,,1291267.975
20260325,GANA,1170491.694,-21.23102004,0.632251866,0,0,,,,,1170471.096
20260326,CLM,207870.809,-1745.3954,-27.6991729,0,0,,,,,206097.7144
20260326,GATUN,1291267.975,-57504.14,-722.5517769,0,0,,,,,1233041.283
20260326,GANA,1170471.096,-12.79548083,-99.35086933,0,0,,,,,1170358.949
20260327,GATUN,1233041.283,-74186.8,-492.788596,0,0,,,,,1158361.695
20260327,CLM,206097.7144,-2561.2799,-18.89115349,0,0,,,,,203517.5434
20260327,GANA,1170358.949,-19.71451861,-67.75843194,0,0,,,,,1170271.476
20260328,CLM,203517.5434,-3357.53,-0.629109776,0,0,,,,,200159.3843
20260328,GATUN,1158361.695,-65545.09,-16.41075668,0,0,,,,,1092800.194
20260328,GANA,1170271.476,-18.0084545,-2.256479044,0,0,,,,,1170251.211
20260329,GANA,1170251.211,-13.17460618,-20.69562042,0,0,,,,,1170217.341
20260329,CLM,200159.3843,-1767.89,-5.76997033,0,0,,,,,198385.7243
20260329,GATUN,1092800.194,-42740.8,-150.5136031,0,0,,,,,1049908.881
20260330,GATUN,1049908.881,-65070.83,-1264.744816,0,0,,,,,983573.3057
20260330,GANA,1170217.341,-16.68151574,-173.9024122,0,0,,,,,1170026.757
20260330,CLM,198385.7243,-1804.78,-48.48425601,0,0,,,,,196532.46
20260331,GATUN,983573.3057,-86814.19,37.02588315,0,0,,,,,896796.1416
20260331,GANA,1170026.757,-966.390537,5.091058934,0,0,,,,,1169065.458
20260331,CLM,196532.46,-1815.93,1.419394944,0,0,,,,,194717.9494
20260401,GATUN,896796.1416,-85529.74,224.2513989,0,0,,,,,811490.653
20260401,GANA,1169065.458,-16.30239039,30.83456735,0,0,,,,,1169079.99
20260401,CLM,194717.9494,-3975.12,8.596724097,0,0,,,,,190751.4262
20260402,CLM,190751.4262,-1746.42,-26.12630863,0,0,,,,,188978.8799
20260402,GATUN,811490.653,-73658.64,-681.5225419,0,0,,,,,737150.4905
20260402,GANA,1169079.99,-19.80929995,-93.70934951,0,0,,,,,1168966.471
20260403,CLM,188978.8799,-2663.54,-19.35122837,0,0,,,,,186295.9886
20260403,GANA,1168966.471,-21.89448941,-69.40861983,0,0,,,,,1168875.168
20260403,GATUN,737150.4905,-41980.36,-504.7899624,0,0,,,,,694665.3405
20260404,CLM,186295.9886,-3082.68,-34.44250269,0,0,,,,,183178.8661
20260404,GANA,1168875.168,-26.63355639,-123.537717,0,0,,,,,1168724.997
20260404,GATUN,694665.3405,-41093.59,-898.4561239,0,0,,,,,652673.2944
20260405,GANA,1168724.997,-31.4674047,-18.18083049,0,0,,,,,1168675.349
20260405,GATUN,652673.2944,-48534.09,-132.2242217,0,0,,,,,604006.9802
20260405,CLM,183178.8661,-2283.28,-5.068843087,0,0,,,,,180890.5173
20260406,GANA,1168675.349,-15.63892101,-117.0696613,0,0,,,,,1168542.64
20260406,GATUN,604006.9802,-81240.33,-851.4157187,0,0,,,,,521915.2344
20260406,CLM,180890.5173,-1767.71,-32.63919896,0,0,,,,,179090.1681
20260407,GATUN,521915.2344,-87607.91,-1555.929167,0,0,,,,,432751.3953
20260407,GANA,1168542.64,-17.25020378,-213.9402605,0,0,,,,,1168311.45
20260407,CLM,179090.1681,-2605.33,-59.64686877,0,0,,,,,176425.1912
20260408,GANA,1168311.45,-18.19801717,-22.03139199,0,0,,,,,1168271.22
20260408,GATUN,432751.3953,-83361.76,-160.2283054,0,0,,,,,349229.407
20260408,CLM,176425.1912,-2648.64,-6.142385467,0,0,,,,,173770.4088
20260409,GATUN,349229.407,-92626.46089,-425.229655,0,0,,,,,256177.7164
20260409,GANA,1168271.22,0,-58.46907757,0,0,,,,,1168212.751
20260409,CLM,173770.4088,-2610.083333,-16.30126741,0,0,,,,,171144.0242
20260410,GANA,1168212.751,0,-58.46907757,0,0,,,,,1168154.282
20260410,GATUN,256177.7164,-92626.46089,-425.229655,0,0,,,,,163126.0259
20260410,CLM,171144.0242,-2610.083333,-16.30126741,0,0,,,,,168517.6396
20260411,GANA,1168154.282,-375,-58.46907757,0,0,,,,,1167720.813
20260411,CLM,168517.6396,-2610.083333,-16.30126741,0,0,,,,,165891.255
20260411,GATUN,163126.0259,-92626.46089,-425.229655,0,0,,,,,70074.33533
20260412,CLM,165891.255,-2610.083333,-16.30126741,0,0,,,,,163264.8704
20260412,GANA,1167720.813,0,-58.46907757,0,0,,,,,1167662.344
20260412,GATUN,70074.33533,-92626.46089,-425.229655,0,0,,,,,-22977.35521
20260413,CLM,163264.8704,-2610.083333,-16.30126741,0,0,,,,,160638.4858
20260413,GANA,1167662.344,0,-58.46907757,0,0,,,,,1167603.875
20260413,GATUN,-22977.35521,-92626.46089,-425.229655,0,0,,,,,-116029.0458
20260414,GATUN,-116029.0458,-92626.46089,-425.229655,0,0,,,,,-209080.7363
20260414,GANA,1167603.875,0,-58.46907757,0,0,,,,,1167545.406
20260414,CLM,160638.4858,-2610.083333,-16.30126741,0,0,,,,,158012.1012
20260415,CLM,158012.1012,-2610.083333,-16.30126741,0,0,,,,,155385.7166
20260415,GANA,1167545.406,0,-58.46907757,0,0,,,,,1167486.937
20260415,GATUN,-209080.7363,-92626.46089,-425.229655,0,0,,,,,-302132.4268
20260416,CLM,155385.7166,-2610.083333,-16.30126741,0,0,,,,,152759.332
20260416,GATUN,-302132.4268,-92626.46089,-425.229655,0,0,,,,,-395184.1174
20260416,GANA,1167486.937,0,-58.46907757,0,0,,,,,1167428.468
20260417,GANA,1167428.468,0,-58.46907757,0,0,,,,,1167369.999
20260417,GATUN,-395184.1174,-92626.46089,-425.229655,0,0,,,,,-488235.8079
20260417,CLM,152759.332,-2610.083333,-16.30126741,0,0,,,,,150132.9474
20260418,CLM,150132.9474,-2610.083333,-16.30126741,0,0,,,,,147506.5628
20260418,GATUN,-488235.8079,-98000,-425.229655,0,0,,,,,-586661.0376
20260418,GANA,1167369.999,0,-58.46907757,0,0,,,,,1167311.529
20260419,CLM,147506.5628,-2610.083333,-16.30126741,0,0,,,,,144880.1782
20260419,GATUN,-586661.0376,-98000,-425.229655,0,0,,,,,-685086.2672
20260419,GANA,1167311.529,0,-58.46907757,0,0,,,,,1167253.06
20260420,GATUN,-685086.2672,-98000,-425.229655,3428571.429,0,,,,,2645059.932
20260420,CLM,144880.1782,-2610.083333,-16.30126741,102857.1429,0,,,,,245110.9365
20260420,GANA,1167253.06,0,-58.46907757,0,0,,,,,1167194.591
20260421,GANA,1167194.591,0,-58.46907757,0,0,,,,,1167136.122
20260421,GATUN,2645059.932,-98000,-425.229655,0,0,,,,,2546634.702
20260421,CLM,245110.9365,-2610.083333,-16.30126741,0,0,,,,,242484.5519
20260422,GANA,1167136.122,0,-58.46907757,0,0,,,,,1167077.653
20260422,GATUN,2546634.702,-98000,-425.229655,0,0,,,,,2448209.472
20260422,CLM,242484.5519,-2610.083333,-16.30126741,0,0,,,,,239858.1673
20260423,GATUN,2448209.472,-98000,-425.229655,0,0,,,,,2349784.243
20260423,CLM,239858.1673,-2610.083333,-16.30126741,0,0,,,,,237231.7827
20260423,GANA,1167077.653,0,-58.46907757,0,0,,,,,1167019.184
20260424,GANA,1167019.184,0,-58.46907757,0,0,,,,,1166960.715
20260424,GATUN,2349784.243,-98000,-425.229655,0,0,,,,,2251359.013
20260424,CLM,237231.7827,-2610.083333,-16.30126741,0,0,,,,,234605.3981
20260425,GANA,1166960.715,-250,-58.46907757,0,0,,,,,1166652.246
20260425,GATUN,2251359.013,-98000,-425.229655,0,0,,,,,2152933.783
20260425,CLM,234605.3981,-2610.083333,-16.30126741,0,0,,,,,231979.0135
20260426,GANA,1166652.246,0,-58.46907757,0,0,,,,,1166593.777
20260426,CLM,231979.0135,-2610.083333,-16.30126741,0,0,,,,,229352.6289
20260426,GATUN,2152933.783,-98000,-425.229655,0,0,,,,,2054508.554
20260427,CLM,229352.6289,-2610.083333,-16.30126741,0,0,,,,,226726.2443
20260427,GATUN,2054508.554,-98000,-425.229655,0,0,,,,,1956083.324
20260427,GANA,1166593.777,0,-58.46907757,0,0,,,,,1166535.308
20260428,GANA,1166535.308,0,-58.46907757,0,0,,,,,1166476.839
20260428,CLM,226726.2443,-2610.083333,-16.30126741,0,0,,,,,224099.8597
20260428,GATUN,1956083.324,-98000,-425.229655,0,0,,,,,1857658.094
20260429,GANA,1166476.839,0,-58.46907757,0,0,,,,,1166418.37
20260429,CLM,224099.8597,-2610.083333,-16.30126741,0,0,,,,,221473.4751
20260429,GATUN,1857658.094,-98000,-425.229655,0,0,,,,,1759232.865
20260430,GATUN,1759232.865,-98000,-425.229655,0,0,,,,,1660807.635
20260430,GANA,1166418.37,0,-58.46907757,0,0,,,,,1166359.901
20260430,CLM,221473.4751,-2610.083333,-16.30126741,0,0,,,,,218847.0905
20260501,GANA,1166359.901,0,-58.46907757,0,0,,,,,1166301.431
20260501,CLM,218847.0905,-2488.041935,-16.30126741,0,0,,,,,216342.7473
20260501,GATUN,1660807.635,-98000,-425.229655,0,0,,,,,1562382.405
20260502,GATUN,1562382.405,-98000,-425.229655,0,0,,,,,1463957.176
20260502,GANA,1166301.431,0,-58.46907757,0,0,,,,,1166242.962
20260502,CLM,216342.7473,-2488.041935,-16.30126741,0,0,,,,,213838.4041
20260503,GATUN,1463957.176,-98000,-425.229655,0,0,,,,,1365531.946
20260503,CLM,213838.4041,-2488.041935,-16.30126741,0,0,,,,,211334.0609
20260503,GANA,1166242.962,0,-58.46907757,0,0,,,,,1166184.493
20260504,CLM,211334.0609,-2488.041935,-16.30126741,0,0,,,,,208829.7177
20260504,GANA,1166184.493,0,-58.46907757,0,0,,,,,1166126.024
20260504,GATUN,1365531.946,-98000,-425.229655,0,0,,,,,1267106.717
20260505,GANA,1166126.024,0,-58.46907757,0,0,,,,,1166067.555
20260505,CLM,208829.7177,-2488.041935,-16.30126741,0,0,,,,,206325.3745
20260505,GATUN,1267106.717,-98000,-425.229655,0,0,,,,,1168681.487
20260506,CLM,206325.3745,-2488.041935,-16.30126741,0,0,,,,,203821.0312
20260506,GANA,1166067.555,0,-58.46907757,0,0,,,,,1166009.086
20260506,GATUN,1168681.487,-98000,-425.229655,0,0,,,,,1070256.257
20260507,GATUN,1070256.257,-98000,-425.229655,0,0,,,,,971831.0275
20260507,GANA,1166009.086,0,-58.46907757,0,0,,,,,1165950.617
20260507,CLM,203821.0312,-2488.041935,-16.30126741,0,0,,,,,201316.688
20260508,GATUN,971831.0275,-98000,-425.229655,0,0,,,,,873405.7979
20260508,GANA,1165950.617,0,-58.46907757,0,0,,,,,1165892.148
20260508,CLM,201316.688,-2488.041935,-16.30126741,0,0,,,,,198812.3448
20260509,CLM,198812.3448,-2488.041935,-16.30126741,0,0,,,,,196308.0016
20260509,GATUN,873405.7979,-98000,-425.229655,0,0,,,,,774980.5682
20260509,GANA,1165892.148,-375,-58.46907757,0,0,,,,,1165458.679
20260510,CLM,196308.0016,-2488.041935,-16.30126741,0,0,,,,,193803.6584
20260510,GATUN,774980.5682,-98000,-425.229655,0,0,,,,,676555.3386
20260510,GANA,1165458.679,0,-58.46907757,0,0,,,,,1165400.21
20260511,GANA,1165400.21,0,-58.46907757,0,0,,,,,1165341.741
20260511,CLM,193803.6584,-2488.041935,-16.30126741,0,0,,,,,191299.3152
20260511,GATUN,676555.3386,-98000,-425.229655,0,0,,,,,578130.1089
20260512,GATUN,578130.1089,-98000,-425.229655,0,0,,,,,479704.8793
20260512,GANA,1165341.741,0,-58.46907757,0,0,,,,,1165283.272
20260512,CLM,191299.3152,-2488.041935,-16.30126741,0,0,,,,,188794.972
20260513,GATUN,479704.8793,-98000,-425.229655,0,0,,,,,381279.6496
20260513,GANA,1165283.272,0,-58.46907757,0,0,,,,,1165224.803
20260513,CLM,188794.972,-2488.041935,-16.30126741,0,0,,,,,186290.6288
20260514,GANA,1165224.803,0,-58.46907757,0,0,,,,,1165166.333
20260514,GATUN,381279.6496,-98000,-425.229655,0,0,,,,,282854.42
20260514,CLM,186290.6288,-2488.041935,-16.30126741,0,0,,,,,183786.2856
20260515,CLM,183786.2856,-2488.041935,-16.30126741,0,0,,,,,181281.9424
20260515,GANA,1165166.333,0,-58.46907757,0,0,,,,,1165107.864
20260515,GATUN,282854.42,-98000,-425.229655,0,0,,,,,184429.1903
20260516,CLM,181281.9424,-2488.041935,-16.30126741,0,0,,,,,178777.5992
20260516,GANA,1165107.864,0,-58.46907757,0,0,,,,,1165049.395
20260516,GATUN,184429.1903,-98000,-425.229655,0,0,,,,,86003.96065
20260517,GATUN,86003.96065,-98000,-425.229655,0,0,,,,,-12421.26901
20260517,GANA,1165049.395,0,-58.46907757,0,0,,,,,1164990.926
20260517,CLM,178777.5992,-2488.041935,-16.30126741,0,0,,,,,176273.256
20260518,CLM,176273.256,-2488.041935,-16.30126741,0,0,,,,,173768.9128
20260518,GATUN,-12421.26901,-98000,-425.229655,0,0,,,,,-110846.4987
20260518,GANA,1164990.926,0,-58.46907757,0,0,,,,,1164932.457
20260519,GATUN,-110846.4987,-98000,-425.229655,0,0,,,,,-209271.7283
20260519,GANA,1164932.457,0,-58.46907757,0,0,,,,,1164873.988
20260519,CLM,173768.9128,-2488.041935,-16.30126741,0,0,,,,,171264.5696
20260520,GANA,1164873.988,0,-58.46907757,0,0,,,,,1164815.519
20260520,GATUN,-209271.7283,-98000,-425.229655,0,0,,,,,-307696.958
20260520,CLM,171264.5696,-2488.041935,-16.30126741,0,0,,,,,168760.2264
20260521,GATUN,-307696.958,-98000,-425.229655,0,0,,,,,-406122.1876
20260521,CLM,168760.2264,-2488.041935,-16.30126741,0,0,,,,,166255.8832
20260521,GANA,1164815.519,0,-58.46907757,0,0,,,,,1164757.05
20260522,CLM,166255.8832,-2488.041935,-16.30126741,0,0,,,,,163751.54
20260522,GANA,1164757.05,0,-58.46907757,0,0,,,,,1164698.581
20260522,GATUN,-406122.1876,-98000,-425.229655,0,0,,,,,-504547.4173
20260523,GANA,1164698.581,-250,-58.46907757,0,0,,,,,1164390.112
20260523,GATUN,-504547.4173,-98000,-425.229655,0,0,,,,,-602972.6469
20260523,CLM,163751.54,-2488.041935,-16.30126741,0,0,,,,,161247.1968
20260524,GATUN,-602972.6469,-98000,-425.229655,3428571.429,0,,,,,2727173.552
20260524,CLM,161247.1968,-2488.041935,-16.30126741,102857.1429,0,,,,,261599.9965
20260524,GANA,1164390.112,0,-58.46907757,0,0,,,,,1164331.643
20260525,GANA,1164331.643,0,-58.46907757,0,0,,,,,1164273.174
20260525,GATUN,2727173.552,-98000,-425.229655,0,0,,,,,2628748.322
20260525,CLM,261599.9965,-2488.041935,-16.30126741,0,0,,,,,259095.6533
20260526,CLM,259095.6533,-2488.041935,-16.30126741,0,0,,,,,256591.31
20260526,GATUN,2628748.322,-98000,-425.229655,0,0,,,,,2530323.093
20260526,GANA,1164273.174,0,-58.46907757,0,0,,,,,1164214.704
20260527,GANA,1164214.704,0,-58.46907757,0,0,,,,,1164156.235
20260527,CLM,256591.31,-2488.041935,-16.30126741,0,0,,,,,254086.9668
20260527,GATUN,2530323.093,-98000,-425.229655,0,0,,,,,2431897.863
20260528,CLM,254086.9668,-2488.041935,-16.30126741,0,0,,,,,251582.6236
20260528,GANA,1164156.235,0,-58.46907757,0,0,,,,,1164097.766
20260528,GATUN,2431897.863,-98000,-425.229655,0,0,,,,,2333472.633
20260529,GANA,1164097.766,0,-58.46907757,0,0,,,,,1164039.297
20260529,GATUN,2333472.633,-98000,-425.229655,0,0,,,,,2235047.404
20260529,CLM,251582.6236,-2488.041935,-16.30126741,0,0,,,,,249078.2804
20260530,GANA,1164039.297,0,-58.46907757,0,0,,,,,1163980.828
20260530,GATUN,2235047.404,-98000,-425.229655,0,0,,,,,2136622.174
20260530,CLM,249078.2804,-2488.041935,-16.30126741,0,0,,,,,246573.9372
20260531,GANA,1163980.828,0,-58.46907757,0,0,,,,,1163922.359
20260531,GATUN,2136622.174,-98000,-425.229655,0,0,,,,,2038196.944
20260531,CLM,246573.9372,-2488.041935,-16.30126741,0,0,,,,,244069.594
20260601,CLM,244069.594,-2504.286667,-16.30126741,0,0,,,,,241549.0061
20260601,GANA,1163922.359,0,-58.46907757,0,0,,,,,1163863.89
20260601,GATUN,2038196.944,-98000,-425.229655,0,0,,,,,1939771.715
20260602,GATUN,1939771.715,-98000,-425.229655,0,0,,,,,1841346.485
20260602,CLM,241549.0061,-2504.286667,-16.30126741,0,0,,,,,239028.4182
20260602,GANA,1163863.89,-21000,-58.46907757,0,0,,,,,1142805.421
20260603,GANA,1142805.421,-21000,-58.46907757,0,0,,,,,1121746.952
20260603,GATUN,1841346.485,-98000,-425.229655,0,0,,,,,1742921.255
20260603,CLM,239028.4182,-2504.286667,-16.30126741,0,0,,,,,236507.8302
20260604,GANA,1121746.952,-21000,-58.46907757,0,0,,,,,1100688.483
20260604,GATUN,1742921.255,-98000,-425.229655,0,0,,,,,1644496.026
20260604,CLM,236507.8302,-2504.286667,-16.30126741,0,0,,,,,233987.2423
20260605,GANA,1100688.483,-21000,-58.46907757,0,0,,,,,1079630.014
20260605,GATUN,1644496.026,-98000,-425.229655,0,0,,,,,1546070.796
20260605,CLM,233987.2423,-2504.286667,-16.30126741,0,0,,,,,231466.6544
20260606,CLM,231466.6544,-2504.286667,-16.30126741,0,0,,,,,228946.0664
20260606,GANA,1079630.014,-21000,-58.46907757,0,0,,,,,1058571.545
20260606,GATUN,1546070.796,-98000,-425.229655,0,0,,,,,1447645.566
20260607,GATUN,1447645.566,-98000,-425.229655,0,0,,,,,1349220.337
20260607,CLM,228946.0664,-2504.286667,-16.30126741,0,0,,,,,226425.4785
20260607,GANA,1058571.545,-21000,-58.46907757,0,0,,,,,1037513.076
20260608,GATUN,1349220.337,-98000,-425.229655,0,0,,,,,1250795.107
20260608,GANA,1037513.076,-21000,-58.46907757,0,0,,,,,1016454.606
20260608,CLM,226425.4785,-2504.286667,-16.30126741,0,0,,,,,223904.8906
20260609,GATUN,1250795.107,-98000,-425.229655,0,0,,,,,1152369.877
20260609,CLM,223904.8906,-2504.286667,-16.30126741,0,0,,,,,221384.3026
20260609,GANA,1016454.606,-21000,-58.46907757,0,0,,,,,995396.1374
20260610,GANA,995396.1374,-21000,-58.46907757,0,0,,,,,974337.6683
20260610,CLM,221384.3026,-2504.286667,-16.30126741,0,0,,,,,218863.7147
20260610,GATUN,1152369.877,-98000,-425.229655,0,0,,,,,1053944.648
20260611,CLM,218863.7147,-2504.286667,-16.30126741,0,0,,,,,216343.1268
20260611,GATUN,1053944.648,-98000,-425.229655,0,0,,,,,955519.4182
20260611,GANA,974337.6683,-21000,-58.46907757,0,0,,,,,953279.1993
20260612,CLM,216343.1268,-2504.286667,-16.30126741,0,0,,,,,213822.5388
20260612,GANA,953279.1993,-21000,-58.46907757,0,0,,,,,932220.7302
20260612,GATUN,955519.4182,-98000,-425.229655,0,0,,,,,857094.1885
20260613,CLM,213822.5388,-2504.286667,-16.30126741,0,0,,,,,211301.9509
20260613,GANA,932220.7302,-375,-58.46907757,0,0,,,,,931787.2611
20260613,GATUN,857094.1885,-98000,-425.229655,0,0,,,,,758668.9589
20260614,CLM,211301.9509,-2504.286667,-16.30126741,0,0,,,,,208781.363
20260614,GANA,931787.2611,-21000,-58.46907757,0,0,,,,,910728.792
20260614,GATUN,758668.9589,-98000,-425.229655,0,0,,,,,660243.7292
20260615,GANA,910728.792,-21000,-58.46907757,0,0,,,,,889670.3229
20260615,GATUN,660243.7292,-98000,-425.229655,0,0,,,,,561818.4996
20260615,CLM,208781.363,-2504.286667,-16.30126741,0,0,,,,,206260.775
20260616,CLM,206260.775,-2504.286667,-16.30126741,0,0,,,,,203740.1871
20260616,GATUN,561818.4996,-98000,-425.229655,0,0,,,,,463393.2699
20260616,GANA,889670.3229,-21000,-58.46907757,0,0,,,,,868611.8539
20260617,CLM,203740.1871,-2504.286667,-16.30126741,0,0,,,,,201219.5992
20260617,GATUN,463393.2699,-98000,-425.229655,0,0,,,,,364968.0403
20260617,GANA,868611.8539,-21000,-58.46907757,0,0,,,,,847553.3848
20260618,CLM,201219.5992,-2504.286667,-16.30126741,0,0,,,,,198699.0112
20260618,GANA,847553.3848,-21000,-58.46907757,0,0,,,,,826494.9157
20260618,GATUN,364968.0403,-98000,-425.229655,0,0,,,,,266542.8106
20260619,GATUN,266542.8106,-98000,-425.229655,0,0,,,,,168117.5809
20260619,CLM,198699.0112,-2504.286667,-16.30126741,0,0,,,,,196178.4233
20260619,GANA,826494.9157,-21000,-58.46907757,0,0,,,,,805436.4466
20260620,GANA,805436.4466,-21000,-58.46907757,0,0,,,,,784377.9776
20260620,GATUN,168117.5809,-98000,-425.229655,0,0,,,,,69692.35129
20260620,CLM,196178.4233,-2504.286667,-16.30126741,0,0,,,,,193657.8354
20260621,GATUN,69692.35129,-98000,-425.229655,0,0,,,,,-28732.87836
20260621,CLM,193657.8354,-2504.286667,-16.30126741,0,0,,,,,191137.2474
20260621,GANA,784377.9776,0,-58.46907757,0,0,,,,,784319.5085
20260622,CLM,191137.2474,-2504.286667,-16.30126741,0,0,,,,,188616.6595
20260622,GATUN,-28732.87836,-98000,-425.229655,0,0,,,,,-127158.108
20260622,GANA,784319.5085,0,-58.46907757,0,0,,,,,784261.0394
20260623,GANA,784261.0394,0,-58.46907757,0,0,,,,,784202.5703
20260623,CLM,188616.6595,-2504.286667,-16.30126741,102857.1429,0,,,,,288953.2144
20260623,GATUN,-127158.108,-98000,-425.229655,3428571.429,0,,,,,3202988.091
20260624,GATUN,3202988.091,-98000,-425.229655,0,0,,,,,3104562.861
20260624,CLM,288953.2144,-2504.286667,-16.30126741,0,0,,,,,286432.6265
20260624,GANA,784202.5703,0,-58.46907757,0,0,,,,,784144.1012
20260625,GANA,784144.1012,0,-58.46907757,0,0,,,,,784085.6322
20260625,GATUN,3104562.861,-98000,-425.229655,0,0,,,,,3006137.632
20260625,CLM,286432.6265,-2504.286667,-16.30126741,0,0,,,,,283912.0385
20260626,CLM,283912.0385,-2504.286667,-16.30126741,0,0,,,,,281391.4506
20260626,GATUN,3006137.632,-98000,-425.229655,0,0,,,,,2907712.402
20260626,GANA,784085.6322,0,-58.46907757,0,0,,,,,784027.1631
20260627,CLM,281391.4506,-2504.286667,-16.30126741,0,0,,,,,278870.8627
20260627,GANA,784027.1631,-250,-58.46907757,0,0,,,,,783718.694
20260627,GATUN,2907712.402,-98000,-425.229655,0,0,,,,,2809287.172
20260628,CLM,278870.8627,-2504.286667,-16.30126741,0,0,,,,,276350.2747
20260628,GANA,783718.694,0,-58.46907757,0,0,,,,,783660.2249
20260628,GATUN,2809287.172,-98000,-425.229655,0,0,,,,,2710861.943
20260629,GATUN,2710861.943,-98000,-425.229655,0,0,,,,,2612436.713
20260629,CLM,276350.2747,-2504.286667,-16.30126741,0,0,,,,,273829.6868
20260629,GANA,783660.2249,0,-58.46907757,0,0,,,,,783601.7559
20260630,GANA,783601.7559,0,-58.46907757,0,0,,,,,783543.2868
20260630,GATUN,2612436.713,-98000,-425.229655,0,0,,,,,2514011.483
20260630,CLM,273829.6868,-2504.286667,-16.30126741,0,0,,,,,271309.0989
20260701,GATUN,2514011.483,-98000,-425.229655,0,0,,,,,2415586.254
20260701,GANA,783543.2868,0,-58.46907757,0,0,,,,,783484.8177
20260701,CLM,271309.0989,-2584.506452,-16.30126741,0,0,,,,,268708.2911
20260702,GATUN,2415586.254,-98000,-425.229655,0,0,,,,,2317161.024
20260702,CLM,268708.2911,-2584.506452,-16.30126741,0,0,,,,,266107.4834
20260702,GANA,783484.8177,0,-58.46907757,0,0,,,,,783426.3486
20260703,GATUN,2317161.024,-98000,-425.229655,0,0,,,,,2218735.794
20260703,CLM,266107.4834,-2584.506452,-16.30126741,0,0,,,,,263506.6757
20260703,GANA,783426.3486,0,-58.46907757,0,0,,,,,783367.8795
20260704,CLM,263506.6757,-2584.506452,-16.30126741,0,0,,,,,260905.868
20260704,GANA,783367.8795,0,-58.46907757,0,0,,,,,783309.4105
20260704,GATUN,2218735.794,-62721.6232,-425.229655,0,0,,,,,2155588.941
20260705,GANA,783309.4105,0,-58.46907757,0,0,,,,,783250.9414
20260705,GATUN,2155588.941,-62721.6232,-425.229655,0,0,,,,,2092442.089
20260705,CLM,260905.868,-2584.506452,-16.30126741,0,0,,,,,258305.0603
20260706,CLM,258305.0603,-2584.506452,-16.30126741,0,0,,,,,255704.2526
20260706,GANA,783250.9414,0,-58.46907757,0,0,,,,,783192.4723
20260706,GATUN,2092442.089,-62721.6232,-425.229655,0,0,,,,,2029295.236
20260707,GANA,783192.4723,0,-58.46907757,0,0,,,,,783134.0032
20260707,GATUN,2029295.236,-62721.6232,-425.229655,0,0,,,,,1966148.383
20260707,CLM,255704.2526,-2584.506452,-16.30126741,0,0,,,,,253103.4448
20260708,GANA,783134.0032,0,-58.46907757,0,0,,,,,783075.5342
20260708,CLM,253103.4448,-2584.506452,-16.30126741,0,0,,,,,250502.6371
20260708,GATUN,1966148.383,-62721.6232,-425.229655,0,0,,,,,1903001.53
20260709,CLM,250502.6371,-2584.506452,-16.30126741,0,0,,,,,247901.8294
20260709,GANA,783075.5342,0,-58.46907757,0,0,,,,,783017.0651
20260709,GATUN,1903001.53,-62721.6232,-425.229655,0,0,,,,,1839854.677
20260710,GATUN,1839854.677,-62721.6232,-425.229655,0,0,,,,,1776707.824
20260710,CLM,247901.8294,-2584.506452,-16.30126741,0,0,,,,,245301.0217
20260710,GANA,783017.0651,0,-58.46907757,0,0,,,,,782958.596
20260711,GANA,782958.596,-375,-58.46907757,0,0,,,,,782525.1269
20260711,CLM,245301.0217,-2584.506452,-16.30126741,0,0,,,,,242700.214
20260711,GATUN,1776707.824,-62721.6232,-425.229655,0,0,,,,,1713560.972
20260712,GATUN,1713560.972,-62721.6232,-425.229655,0,0,,,,,1650414.119
20260712,CLM,242700.214,-2584.506452,-16.30126741,0,0,,,,,240099.4062
20260712,GANA,782525.1269,0,-58.46907757,0,0,,,,,782466.6579
20260713,GATUN,1650414.119,-62721.6232,-425.229655,0,0,,,,,1587267.266
20260713,CLM,240099.4062,-2584.506452,-16.30126741,0,0,,,,,237498.5985
20260713,GANA,782466.6579,0,-58.46907757,0,0,,,,,782408.1888
20260714,GANA,782408.1888,0,-58.46907757,0,0,,,,,782349.7197
20260714,GATUN,1587267.266,-62721.6232,-425.229655,0,0,,,,,1524120.413
20260714,CLM,237498.5985,-2584.506452,-16.30126741,0,0,,,,,234897.7908
20260715,GANA,782349.7197,0,-58.46907757,0,0,,,,,782291.2506
20260715,CLM,234897.7908,-2584.506452,-16.30126741,0,0,,,,,232296.9831
20260715,GATUN,1524120.413,-62721.6232,-425.229655,0,0,,,,,1460973.56
20260716,GANA,782291.2506,0,-58.46907757,0,0,,,,,782232.7815
20260716,GATUN,1460973.56,-62721.6232,-425.229655,0,0,,,,,1397826.707
20260716,CLM,232296.9831,-2584.506452,-16.30126741,0,0,,,,,229696.1754
20260717,CLM,229696.1754,-2584.506452,-16.30126741,0,0,,,,,227095.3676
20260717,GANA,782232.7815,0,-58.46907757,0,0,,,,,782174.3125
20260717,GATUN,1397826.707,-62721.6232,-425.229655,0,0,,,,,1334679.854
20260718,CLM,227095.3676,-2584.506452,-16.30126741,0,0,,,,,224494.5599
20260718,GANA,782174.3125,0,-58.46907757,0,0,,,,,782115.8434
20260718,GATUN,1334679.854,-62721.6232,-425.229655,0,0,,,,,1271533.002
20260719,GATUN,1271533.002,-62721.6232,-425.229655,0,0,,,,,1208386.149
20260719,CLM,224494.5599,-2584.506452,-16.30126741,0,0,,,,,221893.7522
20260719,GANA,782115.8434,0,-58.46907757,0,0,,,,,782057.3743
20260720,GANA,782057.3743,0,-58.46907757,0,0,,,,,781998.9052
20260720,GATUN,1208386.149,-62721.6232,-425.229655,0,0,,,,,1145239.296
20260720,CLM,221893.7522,-2584.506452,-16.30126741,0,0,,,,,219292.9445
20260721,GATUN,1145239.296,-62721.6232,-425.229655,0,0,,,,,1082092.443
20260721,CLM,219292.9445,-2584.506452,-16.30126741,0,0,,,,,216692.1368
20260721,GANA,781998.9052,0,-58.46907757,0,0,,,,,781940.4362
20260722,GATUN,1082092.443,-62721.6232,-425.229655,0,0,,,,,1018945.59
20260722,CLM,216692.1368,-2584.506452,-16.30126741,0,0,,,,,214091.3291
20260722,GANA,781940.4362,0,-58.46907757,0,0,,,,,781881.9671
20260723,GATUN,1018945.59,-62721.6232,-425.229655,0,0,,,,,955798.7373
20260723,GANA,781881.9671,0,-58.46907757,0,0,,,,,781823.498
20260723,CLM,214091.3291,-2584.506452,-16.30126741,0,0,,,,,211490.5213
20260724,CLM,211490.5213,-2584.506452,-16.30126741,0,0,,,,,208889.7136
20260724,GATUN,955798.7373,-62721.6232,-425.229655,0,0,,,,,892651.8844
20260724,GANA,781823.498,0,-58.46907757,0,0,,,,,781765.0289
20260725,GANA,781765.0289,-250,-58.46907757,0,0,,,,,781456.5598
20260725,CLM,208889.7136,-2584.506452,-16.30126741,0,0,,,,,206288.9059
20260725,GATUN,892651.8844,-62721.6232,-425.229655,0,0,,,,,829505.0315
20260726,GANA,781456.5598,0,-58.46907757,0,0,,,,,781398.0908
20260726,GATUN,829505.0315,-62721.6232,-425.229655,0,0,,,,,766358.1787
20260726,CLM,206288.9059,-2584.506452,-16.30126741,0,0,,,,,203688.0982
20260727,GATUN,766358.1787,-62721.6232,-425.229655,0,0,,,,,703211.3258
20260727,GANA,781398.0908,0,-58.46907757,0,0,,,,,781339.6217
20260727,CLM,203688.0982,-2584.506452,-16.30126741,0,0,,,,,201087.2905
20260728,CLM,201087.2905,-2584.506452,-16.30126741,0,0,,,,,198486.4827
20260728,GANA,781339.6217,0,-58.46907757,0,0,,,,,781281.1526
20260728,GATUN,703211.3258,-62721.6232,-425.229655,0,0,,,,,640064.473
20260729,CLM,198486.4827,-2584.506452,-16.30126741,0,0,,,,,195885.675
20260729,GANA,781281.1526,0,-58.46907757,0,0,,,,,781222.6835
20260729,GATUN,640064.473,-62721.6232,-425.229655,0,0,,,,,576917.6201
20260730,GATUN,576917.6201,-62721.6232,-425.229655,0,0,,,,,513770.7673
20260730,CLM,195885.675,-2584.506452,-16.30126741,0,0,,,,,193284.8673
20260730,GANA,781222.6835,0,-58.46907757,0,0,,,,,781164.2145
20260731,GATUN,513770.7673,-62721.6232,-425.229655,0,0,,,,,450623.9144
20260731,CLM,193284.8673,-2584.506452,-16.30126741,0,0,,,,,190684.0596
20260731,GANA,781164.2145,0,-58.46907757,0,0,,,,,781105.7454
20260801,CLM,190684.0596,-2562.4,-16.30126741,0,0,,,,,188105.3583
20260801,GATUN,450623.9144,-62721.6232,-425.229655,0,0,,,,,387477.0616
20260801,GANA,781105.7454,0,-58.46907757,0,0,,,,,781047.2763
20260802,GANA,781047.2763,0,-58.46907757,0,0,,,,,780988.8072
20260802,CLM,188105.3583,-2562.4,-16.30126741,0,0,,,,,185526.657
20260802,GATUN,387477.0616,-41981.4284,-425.229655,0,0,,,,,345070.4035
20260803,CLM,185526.657,-2562.4,-16.30126741,0,0,,,,,182947.9558
20260803,GATUN,345070.4035,-41981.4284,-425.229655,0,0,,,,,302663.7455
20260803,GANA,780988.8072,0,-58.46907757,0,0,,,,,780930.3381
20260804,CLM,182947.9558,-2562.4,-16.30126741,0,0,,,,,180369.2545
20260804,GANA,780930.3381,0,-58.46907757,0,0,,,,,780871.8691
20260804,GATUN,302663.7455,-41981.4284,-425.229655,0,0,,,,,260257.0874
20260805,GANA,780871.8691,0,-58.46907757,0,0,,,,,780813.4
20260805,CLM,180369.2545,-2562.4,-16.30126741,0,0,,,,,177790.5532
20260805,GATUN,260257.0874,-41981.4284,-425.229655,0,0,,,,,217850.4293
20260806,CLM,177790.5532,-2562.4,-16.30126741,0,0,,,,,175211.852
20260806,GATUN,217850.4293,-41981.4284,-425.229655,0,0,,,,,175443.7713
20260806,GANA,780813.4,0,-58.46907757,0,0,,,,,780754.9309
20260807,GATUN,175443.7713,-41981.4284,-425.229655,0,0,,,,,133037.1132
20260807,CLM,175211.852,-2562.4,-16.30126741,0,0,,,,,172633.1507
20260807,GANA,780754.9309,0,-58.46907757,0,0,,,,,780696.4618
20260808,CLM,172633.1507,-2562.4,-16.30126741,0,0,,,,,170054.4494
20260808,GANA,780696.4618,-375,-58.46907757,0,0,,,,,780262.9928
20260808,GATUN,133037.1132,-41981.4284,-425.229655,0,0,,,,,90630.45517
20260809,CLM,170054.4494,-2562.4,-16.30126741,0,0,,,,,167475.7482
20260809,GATUN,90630.45517,-41981.4284,-425.229655,0,0,,,,,48223.79711
20260809,GANA,780262.9928,0,-58.46907757,0,0,,,,,780204.5237
20260810,CLM,167475.7482,-2562.4,-16.30126741,0,0,,,,,164897.0469
20260810,GATUN,48223.79711,-41981.4284,-425.229655,0,0,,,,,5817.139058
20260810,GANA,780204.5237,0,-58.46907757,0,0,,,,,780146.0546
20260811,GANA,780146.0546,0,-58.46907757,0,0,,,,,780087.5855
20260811,GATUN,5817.139058,-41981.4284,-425.229655,0,0,,,,,-36589.519
20260811,CLM,164897.0469,-2562.4,-16.30126741,0,0,,,,,162318.3456
20260812,GANA,780087.5855,0,-58.46907757,0,0,,,,,780029.1164
20260812,GATUN,-36589.519,-41981.4284,-425.229655,0,0,,,,,-78996.17705
20260812,CLM,162318.3456,-2562.4,-16.30126741,0,0,,,,,159739.6444
20260813,GANA,780029.1164,0,-58.46907757,0,0,,,,,779970.6474
20260813,GATUN,-78996.17705,-41981.4284,-425.229655,0,0,,,,,-121402.8351
20260813,CLM,159739.6444,-2562.4,-16.30126741,0,0,,,,,157160.9431
20260814,CLM,157160.9431,-2562.4,-16.30126741,0,0,,,,,154582.2418
20260814,GANA,779970.6474,0,-58.46907757,0,0,,,,,779912.1783
20260814,GATUN,-121402.8351,-41981.4284,-425.229655,0,0,,,,,-163809.4932
20260815,GATUN,-163809.4932,-41981.4284,-425.229655,0,0,,,,,-206216.1512
20260815,CLM,154582.2418,-2562.4,-16.30126741,0,0,,,,,152003.5406
20260815,GANA,779912.1783,0,-58.46907757,0,0,,,,,779853.7092
20260816,GATUN,-206216.1512,-41981.4284,-425.229655,0,0,,,,,-248622.8093
20260816,CLM,152003.5406,-2562.4,-16.30126741,0,0,,,,,149424.8393
20260816,GANA,779853.7092,0,-58.46907757,0,0,,,,,779795.2401
20260817,GANA,779795.2401,0,-58.46907757,0,0,,,,,779736.7711
20260817,GATUN,-248622.8093,-41981.4284,-425.229655,3428571.429,0,,,,,3137541.961
20260817,CLM,149424.8393,-2562.4,-16.30126741,102857.1429,0,,,,,249703.2809
20260818,GANA,779736.7711,0,-58.46907757,0,0,,,,,779678.302
20260818,GATUN,3137541.961,-41981.4284,-425.229655,0,0,,,,,3095135.303
20260818,CLM,249703.2809,-2562.4,-16.30126741,0,0,,,,,247124.5796
20260819,GATUN,3095135.303,-41981.4284,-425.229655,0,0,,,,,3052728.645
20260819,GANA,779678.302,0,-58.46907757,0,0,,,,,779619.8329
20260819,CLM,247124.5796,-2562.4,-16.30126741,0,0,,,,,244545.8784
20260820,CLM,244545.8784,-2562.4,-16.30126741,0,0,,,,,241967.1771
20260820,GANA,779619.8329,0,-58.46907757,0,0,,,,,779561.3638
20260820,GATUN,3052728.645,-41981.4284,-425.229655,0,0,,,,,3010321.987
20260821,CLM,241967.1771,-2562.4,-16.30126741,0,0,,,,,239388.4758
20260821,GANA,779561.3638,0,-58.46907757,0,0,,,,,779502.8947
20260821,GATUN,3010321.987,-41981.4284,-425.229655,0,0,,,,,2967915.329
20260822,CLM,239388.4758,-2562.4,-16.30126741,0,0,,,,,236809.7746
20260822,GANA,779502.8947,-250,-58.46907757,0,0,,,,,779194.4257
20260822,GATUN,2967915.329,-62721.6232,-425.229655,0,0,,,,,2904768.476
20260823,GATUN,2904768.476,-62721.6232,-425.229655,0,0,,,,,2841621.623
20260823,CLM,236809.7746,-2562.4,-16.30126741,0,0,,,,,234231.0733
20260823,GANA,779194.4257,0,-58.46907757,0,0,,,,,779135.9566
20260824,GANA,779135.9566,0,-58.46907757,0,0,,,,,779077.4875
20260824,GATUN,2841621.623,-62721.6232,-425.229655,0,0,,,,,2778474.77
20260824,CLM,234231.0733,-2562.4,-16.30126741,0,0,,,,,231652.372
20260825,GATUN,2778474.77,-62721.6232,-425.229655,0,0,,,,,2715327.918
20260825,CLM,231652.372,-2562.4,-16.30126741,0,0,,,,,229073.6708
20260825,GANA,779077.4875,0,-58.46907757,0,0,,,,,779019.0184
20260826,GATUN,2715327.918,-62721.6232,-425.229655,0,0,,,,,2652181.065
20260826,CLM,229073.6708,-2562.4,-16.30126741,0,0,,,,,226494.9695
20260826,GANA,779019.0184,0,-58.46907757,0,0,,,,,778960.5494
20260827,GATUN,2652181.065,-62721.6232,-425.229655,0,0,,,,,2589034.212
20260827,GANA,778960.5494,0,-58.46907757,0,0,,,,,778902.0803
20260827,CLM,226494.9695,-2562.4,-16.30126741,0,0,,,,,223916.2682
20260828,GANA,778902.0803,0,-58.46907757,0,0,,,,,778843.6112
20260828,CLM,223916.2682,-2562.4,-16.30126741,0,0,,,,,221337.5669
20260828,GATUN,2589034.212,-62721.6232,-425.229655,0,0,,,,,2525887.359
20260829,CLM,221337.5669,-2562.4,-16.30126741,0,0,,,,,218758.8657
20260829,GATUN,2525887.359,-62721.6232,-425.229655,0,0,,,,,2462740.506
20260829,GANA,778843.6112,0,-58.46907757,0,0,,,,,778785.1421
20260830,GATUN,2462740.506,-62721.6232,-425.229655,0,0,,,,,2399593.653
20260830,GANA,778785.1421,0,-58.46907757,0,0,,,,,778726.6731
20260830,CLM,218758.8657,-2562.4,-16.30126741,0,0,,,,,216180.1644
20260831,GATUN,2399593.653,-62721.6232,-425.229655,0,0,,,,,2336446.8
20260831,CLM,216180.1644,-2562.4,-16.30126741,0,0,,,,,213601.4631
20260831,GANA,778726.6731,0,-58.46907757,0,0,,,,,778668.204
20260901,GANA,778668.204,0,-116.9381551,0,0,,,,,778551.2658
20260901,GATUN,2336446.8,-62721.6232,-850.45931,0,0,,,,,2272874.718
20260901,CLM,213601.4631,-2645.85,-32.60253483,0,0,,,,,210923.0106
20260902,GANA,778551.2658,0,-116.9381551,0,0,,,,,778434.3277
20260902,CLM,210923.0106,-2645.85,-32.60253483,0,0,,,,,208244.5581
20260902,GATUN,2272874.718,-62721.6232,-850.45931,0,0,,,,,2209302.635
20260903,GATUN,2209302.635,-62721.6232,-850.45931,0,0,,,,,2145730.553
20260903,GANA,778434.3277,0,-116.9381551,0,0,,,,,778317.3895
20260903,CLM,208244.5581,-2645.85,-32.60253483,0,0,,,,,205566.1055
20260904,GATUN,2145730.553,-62721.6232,-850.45931,0,0,,,,,2082158.47
20260904,GANA,778317.3895,0,-116.9381551,0,0,,,,,778200.4514
20260904,CLM,205566.1055,-2645.85,-32.60253483,0,0,,,,,202887.653
20260905,GATUN,2082158.47,-40209.16735,-850.45931,0,0,,,,,2041098.844
20260905,GANA,778200.4514,0,-116.9381551,0,0,,,,,778083.5132
20260905,CLM,202887.653,-2645.85,-32.60253483,0,0,,,,,200209.2005
20260906,CLM,200209.2005,-2645.85,-32.60253483,0,0,,,,,197530.7479
20260906,GATUN,2041098.844,-40209.16735,-850.45931,0,0,,,,,2000039.217
20260906,GANA,778083.5132,0,-116.9381551,0,0,,,,,777966.575
20260907,GANA,777966.575,0,-116.9381551,0,0,,,,,777849.6369
20260907,CLM,197530.7479,-2645.85,-32.60253483,0,0,,,,,194852.2954
20260907,GATUN,2000039.217,-40209.16735,-850.45931,0,0,,,,,1958979.59
20260908,GATUN,1958979.59,-40209.16735,-850.45931,0,0,,,,,1917919.964
20260908,CLM,194852.2954,-2645.85,-32.60253483,0,0,,,,,192173.8429
20260908,GANA,777849.6369,0,-116.9381551,0,0,,,,,777732.6987
20260909,GATUN,1917919.964,-40209.16735,-850.45931,0,0,,,,,1876860.337
20260909,GANA,777732.6987,0,-116.9381551,0,0,,,,,777615.7606
20260909,CLM,192173.8429,-2645.85,-32.60253483,0,0,,,,,189495.3903
20260910,GATUN,1876860.337,-40209.16735,-850.45931,0,0,,,,,1835800.71
20260910,CLM,189495.3903,-2645.85,-32.60253483,0,0,,,,,186816.9378
20260910,GANA,777615.7606,0,-116.9381551,0,0,,,,,777498.8224
20260911,GANA,777498.8224,0,-116.9381551,0,0,,,,,777381.8843
20260911,CLM,186816.9378,-2645.85,-32.60253483,0,0,,,,,184138.4853
20260911,GATUN,1835800.71,-40209.16735,-850.45931,0,0,,,,,1794741.084
20260912,GATUN,1794741.084,-40209.16735,-850.45931,0,0,,,,,1753681.457
20260912,GANA,777381.8843,-375,-116.9381551,0,0,,,,,776889.9461
20260912,CLM,184138.4853,-2645.85,-32.60253483,0,0,,,,,181460.0327
20260913,GATUN,1753681.457,-40209.16735,-850.45931,0,0,,,,,1712621.831
20260913,GANA,776889.9461,0,-116.9381551,0,0,,,,,776773.008
20260913,CLM,181460.0327,-2645.85,-32.60253483,0,0,,,,,178781.5802
20260914,CLM,178781.5802,-2645.85,-32.60253483,0,0,,,,,176103.1277
20260914,GATUN,1712621.831,-40209.16735,-850.45931,0,0,,,,,1671562.204
20260914,GANA,776773.008,0,-116.9381551,0,0,,,,,776656.0698
20260915,CLM,176103.1277,-2645.85,-32.60253483,0,0,,,,,173424.6751
20260915,GATUN,1671562.204,-40209.16735,-850.45931,0,0,,,,,1630502.577
20260915,GANA,776656.0698,0,-116.9381551,0,0,,,,,776539.1316
20260916,GATUN,1630502.577,-40209.16735,-850.45931,0,0,,,,,1589442.951
20260916,GANA,776539.1316,0,-116.9381551,0,0,,,,,776422.1935
20260916,CLM,173424.6751,-2645.85,-32.60253483,0,0,,,,,170746.2226
20260917,GATUN,1589442.951,-40209.16735,-850.45931,0,0,,,,,1548383.324
20260917,GANA,776422.1935,0,-116.9381551,0,0,,,,,776305.2553
20260917,CLM,170746.2226,-2645.85,-32.60253483,0,0,,,,,168067.7701
20260918,GANA,776305.2553,0,-116.9381551,0,0,,,,,776188.3172
20260918,CLM,168067.7701,-2645.85,-32.60253483,0,0,,,,,165389.3175
20260918,GATUN,1548383.324,-40209.16735,-850.45931,0,0,,,,,1507323.697
20260919,CLM,165389.3175,-2645.85,-32.60253483,0,0,,,,,162710.865
20260919,GANA,776188.3172,0,-116.9381551,0,0,,,,,776071.379
20260919,GATUN,1507323.697,-40209.16735,-850.45931,0,0,,,,,1466264.071
20260920,GANA,776071.379,0,-116.9381551,0,0,,,,,775954.4409
20260920,GATUN,1466264.071,-40209.16735,-850.45931,0,0,,,,,1425204.444
20260920,CLM,162710.865,-2645.85,-32.60253483,0,0,,,,,160032.4124
20260921,GANA,775954.4409,0,-116.9381551,0,0,,,,,775837.5027
20260921,CLM,160032.4124,-2645.85,-32.60253483,0,0,,,,,157353.9599
20260921,GATUN,1425204.444,-40209.16735,-850.45931,0,0,,,,,1384144.817
20260922,GATUN,1384144.817,-40209.16735,-850.45931,0,0,,,,,1343085.191
20260922,GANA,775837.5027,0,-116.9381551,0,0,,,,,775720.5646
20260922,CLM,157353.9599,-2645.85,-32.60253483,0,0,,,,,154675.5074
20260923,GANA,775720.5646,0,-116.9381551,0,0,,,,,775603.6264
20260923,GATUN,1343085.191,-40209.16735,-850.45931,0,0,,,,,1302025.564
20260923,CLM,154675.5074,-2645.85,-32.60253483,0,0,,,,,151997.0548
20260924,CLM,151997.0548,-2645.85,-32.60253483,0,0,,,,,149318.6023
20260924,GANA,775603.6264,0,-116.9381551,0,0,,,,,775486.6882
20260924,GATUN,1302025.564,-40209.16735,-850.45931,0,0,,,,,1260965.937
20260925,GATUN,1260965.937,-40209.16735,-850.45931,0,0,,,,,1219906.311
20260925,CLM,149318.6023,-2645.85,-32.60253483,0,0,,,,,146640.1498
20260925,GANA,775486.6882,0,-116.9381551,0,0,,,,,775369.7501
20260926,GATUN,1219906.311,-40209.16735,-850.45931,0,0,,,,,1178846.684
20260926,GANA,775369.7501,-375,-116.9381551,0,0,,,,,774877.8119
20260926,CLM,146640.1498,-2645.85,-32.60253483,0,0,,,,,143961.6972
20260927,GATUN,1178846.684,-40209.16735,-850.45931,0,0,,,,,1137787.057
20260927,GANA,774877.8119,0,-116.9381551,0,0,,,,,774760.8738
20260927,CLM,143961.6972,-2645.85,-32.60253483,0,0,,,,,141283.2447
20260928,GATUN,1137787.057,-40209.16735,-850.45931,0,0,,,,,1096727.431
20260928,GANA,774760.8738,0,-116.9381551,0,0,,,,,774643.9356
20260928,CLM,141283.2447,-2645.85,-32.60253483,0,0,,,,,138604.7922
20260929,GATUN,1096727.431,-40209.16735,-850.45931,0,0,,,,,1055667.804
20260929,GANA,774643.9356,0,-116.9381551,0,0,,,,,774526.9975
20260929,CLM,138604.7922,-2645.85,-32.60253483,0,0,,,,,135926.3396
20260930,CLM,135926.3396,-2645.85,-32.60253483,0,0,,,,,133247.8871
20260930,GATUN,1055667.804,-40209.16735,-850.45931,0,0,,,,,1014608.177
20260930,GANA,774526.9975,0,-116.9381551,0,0,,,,,774410.0593
20261001,GANA,774410.0593,0,-116.9381551,0,0,,,,,774293.1212
20261001,CLM,133247.8871,-2582.322581,-32.60253483,0,0,,,,,130632.962
20261001,GATUN,1014608.177,-29092.12519,-850.45931,0,0,,,,,984665.5929
20261002,GATUN,984665.5929,-29092.12519,-850.45931,0,0,,,,,954723.0084
20261002,GANA,774293.1212,0,-116.9381551,0,0,,,,,774176.183
20261002,CLM,130632.962,-2582.322581,-32.60253483,0,0,,,,,128018.0369
20261003,GATUN,954723.0084,-29092.12519,-850.45931,0,0,,,,,924780.4239
20261003,GANA,774176.183,0,-116.9381551,0,0,,,,,774059.2449
20261003,CLM,128018.0369,-2582.322581,-32.60253483,0,0,,,,,125403.1118
20261004,CLM,125403.1118,-2582.322581,-32.60253483,0,0,,,,,122788.1866
20261004,GATUN,924780.4239,-29092.12519,-850.45931,0,0,,,,,894837.8394
20261004,GANA,774059.2449,0,-116.9381551,0,0,,,,,773942.3067
20261005,GANA,773942.3067,0,-116.9381551,0,0,,,,,773825.3685
20261005,CLM,122788.1866,-2582.322581,-32.60253483,0,0,,,,,120173.2615
20261005,GATUN,894837.8394,-29092.12519,-850.45931,0,0,,,,,864895.2549
20261006,GANA,773825.3685,0,-116.9381551,0,0,,,,,773708.4304
20261006,CLM,120173.2615,-2582.322581,-32.60253483,0,0,,,,,117558.3364
20261006,GATUN,864895.2549,-29092.12519,-850.45931,0,0,,,,,834952.6704
20261007,CLM,117558.3364,-2582.322581,-32.60253483,0,0,,,,,114943.4113
20261007,GATUN,834952.6704,-29092.12519,-850.45931,0,0,,,,,805010.0859
20261007,GANA,773708.4304,0,-116.9381551,0,0,,,,,773591.4922
20261008,CLM,114943.4113,-2582.322581,-32.60253483,0,0,,,,,112328.4862
20261008,GANA,773591.4922,0,-116.9381551,0,0,,,,,773474.5541
20261008,GATUN,805010.0859,-29092.12519,-850.45931,0,0,,,,,775067.5014
20261009,GANA,773474.5541,0,-116.9381551,0,0,,,,,773357.6159
20261009,GATUN,775067.5014,-29092.12519,-850.45931,0,0,,,,,745124.9169
20261009,CLM,112328.4862,-2582.322581,-32.60253483,0,0,,,,,109713.5611
20261010,GANA,773357.6159,-375,-116.9381551,0,0,,,,,772865.6778
20261010,CLM,109713.5611,-2582.322581,-32.60253483,0,0,,,,,107098.6359
20261010,GATUN,745124.9169,-29092.12519,-850.45931,0,0,,,,,715182.3324
20261011,GANA,772865.6778,0,-116.9381551,0,0,,,,,772748.7396
20261011,CLM,107098.6359,-2582.322581,-32.60253483,0,0,,,,,104483.7108
20261011,GATUN,715182.3324,-29092.12519,-850.45931,0,0,,,,,685239.7479
20261012,GANA,772748.7396,0,-116.9381551,0,0,,,,,772631.8015
20261012,CLM,104483.7108,-2582.322581,-32.60253483,0,0,,,,,101868.7857
20261012,GATUN,685239.7479,-29092.12519,-850.45931,0,0,,,,,655297.1634
20261013,GANA,772631.8015,0,-116.9381551,0,0,,,,,772514.8633
20261013,CLM,101868.7857,-2582.322581,-32.60253483,0,0,,,,,99253.8606
20261013,GATUN,655297.1634,-29092.12519,-850.45931,0,0,,,,,625354.5789
20261014,CLM,99253.8606,-2582.322581,-32.60253483,0,0,,,,,96638.93548
20261014,GANA,772514.8633,0,-116.9381551,0,0,,,,,772397.9251
20261014,GATUN,625354.5789,-29092.12519,-850.45931,0,0,,,,,595411.9944
20261015,GATUN,595411.9944,-29092.12519,-850.45931,0,0,,,,,565469.4099
20261015,CLM,96638.93548,-2582.322581,-32.60253483,0,0,,,,,94024.01037
20261015,GANA,772397.9251,0,-116.9381551,0,0,,,,,772280.987
20261016,CLM,94024.01037,-2582.322581,-32.60253483,0,0,,,,,91409.08525
20261016,GATUN,565469.4099,-29092.12519,-850.45931,0,0,,,,,535526.8254
20261016,GANA,772280.987,0,-116.9381551,0,0,,,,,772164.0488
20261017,GANA,772164.0488,0,-116.9381551,0,0,,,,,772047.1107
20261017,GATUN,535526.8254,-29092.12519,-850.45931,0,0,,,,,505584.2409
20261017,CLM,91409.08525,-2582.322581,-32.60253483,0,0,,,,,88794.16014
20261018,GANA,772047.1107,0,-116.9381551,0,0,,,,,771930.1725
20261018,CLM,88794.16014,-2582.322581,-32.60253483,0,0,,,,,86179.23502
20261018,GATUN,505584.2409,-29092.12519,-850.45931,0,0,,,,,475641.6564
20261019,GANA,771930.1725,0,-116.9381551,0,0,,,,,771813.2344
20261019,GATUN,475641.6564,-29092.12519,-850.45931,0,0,,,,,445699.0719
20261019,CLM,86179.23502,-2582.322581,-32.60253483,0,0,,,,,83564.30991
20261020,CLM,83564.30991,-2582.322581,-32.60253483,0,0,,,,,80949.38479
20261020,GANA,771813.2344,0,-116.9381551,0,0,,,,,771696.2962
20261020,GATUN,445699.0719,-29092.12519,-850.45931,0,0,,,,,415756.4874
20261021,CLM,80949.38479,-2582.322581,-32.60253483,0,0,,,,,78334.45968
20261021,GATUN,415756.4874,-29092.12519,-850.45931,0,0,,,,,385813.9029
20261021,GANA,771696.2962,0,-116.9381551,0,0,,,,,771579.3581
20261022,GATUN,385813.9029,-29092.12519,-850.45931,0,0,,,,,355871.3185
20261022,GANA,771579.3581,0,-116.9381551,0,0,,,,,771462.4199
20261022,CLM,78334.45968,-2582.322581,-32.60253483,0,0,,,,,75719.53456
20261023,GATUN,355871.3185,-29092.12519,-850.45931,0,0,,,,,325928.734
20261023,CLM,75719.53456,-2582.322581,-32.60253483,0,0,,,,,73104.60945
20261023,GANA,771462.4199,0,-116.9381551,0,0,,,,,771345.4818
20261024,GATUN,325928.734,-29092.12519,-850.45931,0,0,,,,,295986.1495
20261024,CLM,73104.60945,-2582.322581,-32.60253483,0,0,,,,,70489.68433
20261024,GANA,771345.4818,-375,-116.9381551,0,0,,,,,770853.5436
20261025,GATUN,295986.1495,-29092.12519,-850.45931,0,0,,,,,266043.565
20261025,GANA,770853.5436,0,-116.9381551,0,0,,,,,770736.6054
20261025,CLM,70489.68433,-2582.322581,-32.60253483,0,0,,,,,67874.75921
20261026,GATUN,266043.565,-29092.12519,-850.45931,0,0,,,,,236100.9805
20261026,CLM,67874.75921,-2582.322581,-32.60253483,0,0,,,,,65259.8341
20261026,GANA,770736.6054,0,-116.9381551,0,0,,,,,770619.6673
20261027,GANA,770619.6673,0,-116.9381551,0,0,,,,,770502.7291
20261027,GATUN,236100.9805,-29092.12519,-850.45931,0,0,,,,,206158.396
20261027,CLM,65259.8341,-2582.322581,-32.60253483,0,0,,,,,62644.90898
20261028,GANA,770502.7291,0,-116.9381551,0,0,,,,,770385.791
20261028,CLM,62644.90898,-2582.322581,-32.60253483,0,0,,,,,60029.98387
20261028,GATUN,206158.396,-29092.12519,-850.45931,0,0,,,,,176215.8115
20261029,CLM,60029.98387,-2582.322581,-32.60253483,0,0,,,,,57415.05875
20261029,GANA,770385.791,0,-116.9381551,0,0,,,,,770268.8528
20261029,GATUN,176215.8115,-29092.12519,-850.45931,0,0,,,,,146273.227
20261030,GATUN,146273.227,-29092.12519,-850.45931,0,0,,,,,116330.6425
20261030,GANA,770268.8528,0,-116.9381551,0,0,,,,,770151.9147
20261030,CLM,57415.05875,-2582.322581,-32.60253483,0,0,,,,,54800.13364
20261031,CLM,54800.13364,-2582.322581,-32.60253483,0,0,,,,,52185.20852
20261031,GATUN,116330.6425,-29092.12519,-850.45931,0,0,,,,,86388.05798
20261031,GANA,770151.9147,0,-116.9381551,0,0,,,,,770034.9765
20261101,CLM,52185.20852,-2554.533333,-32.60253483,0,0,,,,,49598.07265
20261101,GANA,770034.9765,0,-116.9381551,0,0,,,,,769918.0384
20261101,GATUN,86388.05798,-25850.9647,-850.45931,0,0,,,,,59686.63397
20261102,CLM,49598.07265,-2554.533333,-32.60253483,0,0,,,,,47010.93679
20261102,GATUN,59686.63397,-25850.9647,-850.45931,0,0,,,,,32985.20996
20261102,GANA,769918.0384,0,-116.9381551,0,0,,,,,769801.1002
20261103,CLM,47010.93679,-2554.533333,-32.60253483,0,0,,,,,44423.80092
20261103,GANA,769801.1002,0,-116.9381551,0,0,,,,,769684.162
20261103,GATUN,32985.20996,-25850.9647,-850.45931,0,0,,,,,6283.785945
20261104,GANA,769684.162,0,-116.9381551,0,0,,,,,769567.2239
20261104,GATUN,6283.785945,-25850.9647,-850.45931,0,0,,,,,-20417.63807
20261104,CLM,44423.80092,-2554.533333,-32.60253483,0,0,,,,,41836.66505
20261105,GANA,769567.2239,0,-116.9381551,0,0,,,,,769450.2857
20261105,CLM,41836.66505,-2554.533333,-32.60253483,0,0,,,,,39249.52918
20261105,GATUN,-20417.63807,-25850.9647,-850.45931,0,0,,,,,-47119.06208
20261106,GATUN,-47119.06208,-25850.9647,-850.45931,0,0,,,,,-73820.48609
20261106,GANA,769450.2857,0,-116.9381551,0,0,,,,,769333.3476
20261106,CLM,39249.52918,-2554.533333,-32.60253483,0,0,,,,,36662.39331
20261107,GANA,769333.3476,0,-116.9381551,0,0,,,,,769216.4094
20261107,GATUN,-73820.48609,-25850.9647,-850.45931,0,0,,,,,-100521.9101
20261107,CLM,36662.39331,-2554.533333,-32.60253483,0,0,,,,,34075.25744
20261108,CLM,34075.25744,-2554.533333,-32.60253483,0,0,,,,,31488.12158
20261108,GATUN,-100521.9101,-25850.9647,-850.45931,0,0,,,,,-127223.3341
20261108,GANA,769216.4094,0,-116.9381551,0,0,,,,,769099.4713
20261109,CLM,31488.12158,-2554.533333,-32.60253483,102857.1429,0,,,,,131758.1286
20261109,GANA,769099.4713,0,-116.9381551,0,0,,,,,768982.5331
20261109,GATUN,-127223.3341,-25850.9647,-850.45931,3428571.429,0,,,,,3274646.67
20261110,CLM,131758.1286,-2554.533333,-32.60253483,0,0,,,,,129170.9927
20261110,GANA,768982.5331,0,-116.9381551,0,0,,,,,768865.595
20261110,GATUN,3274646.67,-25850.9647,-850.45931,0,0,,,,,3247945.246
20261111,GANA,768865.595,0,-116.9381551,0,0,,,,,768748.6568
20261111,CLM,129170.9927,-2554.533333,-32.60253483,0,0,,,,,126583.8568
20261111,GATUN,3247945.246,-25850.9647,-850.45931,0,0,,,,,3221243.822
20261112,GATUN,3221243.822,-25850.9647,-850.45931,0,0,,,,,3194542.398
20261112,CLM,126583.8568,-2554.533333,-32.60253483,0,0,,,,,123996.721
20261112,GANA,768748.6568,0,-116.9381551,0,0,,,,,768631.7186
20261113,CLM,123996.721,-2554.533333,-32.60253483,0,0,,,,,121409.5851
20261113,GATUN,3194542.398,-25850.9647,-850.45931,0,0,,,,,3167840.974
20261113,GANA,768631.7186,0,-116.9381551,0,0,,,,,768514.7805
20261114,GATUN,3167840.974,-25850.9647,-850.45931,0,0,,,,,3141139.55
20261114,CLM,121409.5851,-2554.533333,-32.60253483,0,0,,,,,118822.4492
20261114,GANA,768514.7805,-375,-116.9381551,0,0,,,,,768022.8423
20261115,GATUN,3141139.55,-25850.9647,-850.45931,0,0,,,,,3114438.126
20261115,GANA,768022.8423,0,-116.9381551,0,0,,,,,767905.9042
20261115,CLM,118822.4492,-2554.533333,-32.60253483,0,0,,,,,116235.3134
20261116,GANA,767905.9042,0,-116.9381551,0,0,,,,,767788.966
20261116,GATUN,3114438.126,-25850.9647,-850.45931,0,0,,,,,3087736.702
20261116,CLM,116235.3134,-2554.533333,-32.60253483,0,0,,,,,113648.1775
20261117,GATUN,3087736.702,-25850.9647,-850.45931,0,0,,,,,3061035.278
20261117,GANA,767788.966,0,-116.9381551,0,0,,,,,767672.0279
20261117,CLM,113648.1775,-2554.533333,-32.60253483,0,0,,,,,111061.0416
20261118,GATUN,3061035.278,-25850.9647,-850.45931,0,0,,,,,3034333.854
20261118,CLM,111061.0416,-2554.533333,-32.60253483,0,0,,,,,108473.9058
20261118,GANA,767672.0279,0,-116.9381551,0,0,,,,,767555.0897
20261119,CLM,108473.9058,-2554.533333,-32.60253483,0,0,,,,,105886.7699
20261119,GANA,767555.0897,0,-116.9381551,0,0,,,,,767438.1516
20261119,GATUN,3034333.854,-25850.9647,-850.45931,0,0,,,,,3007632.43
20261120,GATUN,3007632.43,-25850.9647,-850.45931,0,0,,,,,2980931.006
20261120,CLM,105886.7699,-2554.533333,-32.60253483,0,0,,,,,103299.634
20261120,GANA,767438.1516,0,-116.9381551,0,0,,,,,767321.2134
20261121,CLM,103299.634,-2554.533333,-32.60253483,0,0,,,,,100712.4981
20261121,GANA,767321.2134,0,-116.9381551,0,0,,,,,767204.2753
20261121,GATUN,2980931.006,-25850.9647,-850.45931,0,0,,,,,2954229.582
20261122,GATUN,2954229.582,-25850.9647,-850.45931,0,0,,,,,2927528.158
20261122,CLM,100712.4981,-2554.533333,-32.60253483,0,0,,,,,98125.36228
20261122,GANA,767204.2753,0,-116.9381551,0,0,,,,,767087.3371
20261123,CLM,98125.36228,-2554.533333,-32.60253483,0,0,,,,,95538.22641
20261123,GATUN,2927528.158,-25850.9647,-850.45931,0,0,,,,,2900826.734
20261123,GANA,767087.3371,0,-116.9381551,0,0,,,,,766970.3989
20261124,GANA,766970.3989,0,-116.9381551,0,0,,,,,766853.4608
20261124,CLM,95538.22641,-2554.533333,-32.60253483,0,0,,,,,92951.09054
20261124,GATUN,2900826.734,-25850.9647,-850.45931,0,0,,,,,2874125.31
20261125,CLM,92951.09054,-2554.533333,-32.60253483,0,0,,,,,90363.95467
20261125,GANA,766853.4608,0,-116.9381551,0,0,,,,,766736.5226
20261125,GATUN,2874125.31,-25850.9647,-850.45931,0,0,,,,,2847423.886
20261126,GANA,766736.5226,0,-116.9381551,0,0,,,,,766619.5845
20261126,CLM,90363.95467,-2554.533333,-32.60253483,0,0,,,,,87776.81881
20261126,GATUN,2847423.886,-25850.9647,-850.45931,0,0,,,,,2820722.462
20261127,GANA,766619.5845,0,-116.9381551,0,0,,,,,766502.6463
20261127,GATUN,2820722.462,-25850.9647,-850.45931,0,0,,,,,2794021.038
20261127,CLM,87776.81881,-2554.533333,-32.60253483,0,0,,,,,85189.68294
20261128,GATUN,2794021.038,-25850.9647,-850.45931,0,0,,,,,2767319.614
20261128,GANA,766502.6463,-375,-116.9381551,0,0,,,,,766010.7082
20261128,CLM,85189.68294,-2554.533333,-32.60253483,0,0,,,,,82602.54707
20261129,GATUN,2767319.614,-25850.9647,-850.45931,0,0,,,,,2740618.19
20261129,GANA,766010.7082,0,-116.9381551,0,0,,,,,765893.77
20261129,CLM,82602.54707,-2554.533333,-32.60253483,0,0,,,,,80015.4112
20261130,GATUN,2740618.19,-25850.9647,-850.45931,0,0,,,,,2713916.766
20261130,GANA,765893.77,0,-116.9381551,0,0,,,,,765776.8319
20261130,CLM,80015.4112,-2554.533333,-32.60253483,0,0,,,,,77428.27533
20261201,CLM,77428.27533,-2530.383871,-32.60253483,0,0,,,,,74865.28893
20261201,GATUN,2713916.766,-50854.39899,-850.45931,0,0,,,,,2662211.908
20261201,GANA,765776.8319,0,-116.9381551,0,0,,,,,765659.8937
20261202,GANA,765659.8937,0,-116.9381551,0,0,,,,,765542.9555
20261202,GATUN,2662211.908,-50854.39899,-850.45931,0,0,,,,,2610507.05
20261202,CLM,74865.28893,-2530.383871,-32.60253483,0,0,,,,,72302.30252
20261203,GANA,765542.9555,0,-116.9381551,0,0,,,,,765426.0174
20261203,CLM,72302.30252,-2530.383871,-32.60253483,0,0,,,,,69739.31612
20261203,GATUN,2610507.05,-50854.39899,-850.45931,0,0,,,,,2558802.191
20261204,GANA,765426.0174,0,-116.9381551,0,0,,,,,765309.0792
20261204,CLM,69739.31612,-2530.383871,-32.60253483,0,0,,,,,67176.32971
20261204,GATUN,2558802.191,-50854.39899,-850.45931,0,0,,,,,2507097.333
20261205,GANA,765309.0792,0,-116.9381551,0,0,,,,,765192.1411
20261205,CLM,67176.32971,-2530.383871,-32.60253483,0,0,,,,,64613.3433
20261205,GATUN,2507097.333,-50854.39899,-850.45931,0,0,,,,,2455392.475
20261206,GATUN,2455392.475,-50854.39899,-850.45931,0,0,,,,,2403687.616
20261206,GANA,765192.1411,0,-116.9381551,0,0,,,,,765075.2029
20261206,CLM,64613.3433,-2530.383871,-32.60253483,0,0,,,,,62050.3569
20261207,CLM,62050.3569,-2530.383871,-32.60253483,0,0,,,,,59487.37049
20261207,GATUN,2403687.616,-50854.39899,-850.45931,0,0,,,,,2351982.758
20261207,GANA,765075.2029,0,-116.9381551,0,0,,,,,764958.2648
20261208,CLM,59487.37049,-2530.383871,-32.60253483,0,0,,,,,56924.38409
20261208,GATUN,2351982.758,-50854.39899,-850.45931,0,0,,,,,2300277.9
20261208,GANA,764958.2648,0,-116.9381551,0,0,,,,,764841.3266
20261209,CLM,56924.38409,-2530.383871,-32.60253483,0,0,,,,,54361.39768
20261209,GATUN,2300277.9,-50854.39899,-850.45931,0,0,,,,,2248573.041
20261209,GANA,764841.3266,0,-116.9381551,0,0,,,,,764724.3885
20261210,GATUN,2248573.041,-50854.39899,-850.45931,0,0,,,,,2196868.183
20261210,GANA,764724.3885,0,-116.9381551,0,0,,,,,764607.4503
20261210,CLM,54361.39768,-2530.383871,-32.60253483,0,0,,,,,51798.41128
20261211,GANA,764607.4503,0,-116.9381551,0,0,,,,,764490.5121
20261211,GATUN,2196868.183,-50854.39899,-850.45931,0,0,,,,,2145163.325
20261211,CLM,51798.41128,-2530.383871,-32.60253483,0,0,,,,,49235.42487
20261212,CLM,49235.42487,-2530.383871,-32.60253483,0,0,,,,,46672.43846
20261212,GANA,764490.5121,-375,-116.9381551,0,0,,,,,763998.574
20261212,GATUN,2145163.325,-50854.39899,-850.45931,0,0,,,,,2093458.467
20261213,GANA,763998.574,0,-116.9381551,0,0,,,,,763881.6358
20261213,GATUN,2093458.467,-50854.39899,-850.45931,0,0,,,,,2041753.608
20261213,CLM,46672.43846,-2530.383871,-32.60253483,0,0,,,,,44109.45206
20261214,GATUN,2041753.608,-50854.39899,-850.45931,0,0,,,,,1990048.75
20261214,GANA,763881.6358,0,-116.9381551,0,0,,,,,763764.6977
20261214,CLM,44109.45206,-2530.383871,-32.60253483,0,0,,,,,41546.46565
20261215,GATUN,1990048.75,-50854.39899,-850.45931,0,0,,,,,1938343.892
20261215,GANA,763764.6977,0,-116.9381551,0,0,,,,,763647.7595
20261215,CLM,41546.46565,-2530.383871,-32.60253483,0,0,,,,,38983.47925
20261216,CLM,38983.47925,-2530.383871,-32.60253483,0,0,,,,,36420.49284
20261216,GATUN,1938343.892,-50854.39899,-850.45931,0,0,,,,,1886639.033
20261216,GANA,763647.7595,0,-116.9381551,0,0,,,,,763530.8214
20261217,GANA,763530.8214,0,-116.9381551,0,0,,,,,763413.8832
20261217,GATUN,1886639.033,-50854.39899,-850.45931,0,0,,,,,1834934.175
20261217,CLM,36420.49284,-2530.383871,-32.60253483,0,0,,,,,33857.50644
20261218,GANA,763413.8832,0,-116.9381551,0,0,,,,,763296.9451
20261218,GATUN,1834934.175,-50854.39899,-850.45931,0,0,,,,,1783229.317
20261218,CLM,33857.50644,-2530.383871,-32.60253483,0,0,,,,,31294.52003
20261219,GANA,763296.9451,0,-116.9381551,0,0,,,,,763180.0069
20261219,GATUN,1783229.317,-50854.39899,-850.45931,0,0,,,,,1731524.458
20261219,CLM,31294.52003,-2530.383871,-32.60253483,0,0,,,,,28731.53362
20261220,CLM,28731.53362,-2530.383871,-32.60253483,0,0,,,,,26168.54722
20261220,GATUN,1731524.458,-50854.39899,-850.45931,0,0,,,,,1679819.6
20261220,GANA,763180.0069,0,-116.9381551,0,0,,,,,763063.0688
20261221,CLM,26168.54722,-2530.383871,-32.60253483,0,0,,,,,23605.56081
20261221,GATUN,1679819.6,-50854.39899,-850.45931,0,0,,,,,1628114.742
20261221,GANA,763063.0688,0,-116.9381551,0,0,,,,,762946.1306
20261222,CLM,23605.56081,-2530.383871,-32.60253483,0,0,,,,,21042.57441
20261222,GATUN,1628114.742,-50854.39899,-850.45931,0,0,,,,,1576409.884
20261222,GANA,762946.1306,0,-116.9381551,0,0,,,,,762829.1924
20261223,CLM,21042.57441,-2530.383871,-32.60253483,0,0,,,,,18479.588
20261223,GATUN,1576409.884,-50854.39899,-850.45931,0,0,,,,,1524705.025
20261223,GANA,762829.1924,0,-116.9381551,0,0,,,,,762712.2543
20261224,GANA,762712.2543,0,-116.9381551,0,0,,,,,762595.3161
20261224,CLM,18479.588,-2530.383871,-32.60253483,0,0,,,,,15916.60159
20261224,GATUN,1524705.025,-50854.39899,-850.45931,0,0,,,,,1473000.167
20261225,GATUN,1473000.167,-50854.39899,-850.45931,0,0,,,,,1421295.309
20261225,GANA,762595.3161,0,-116.9381551,0,0,,,,,762478.378
20261225,CLM,15916.60159,-2530.383871,-32.60253483,0,0,,,,,13353.61519
20261226,CLM,13353.61519,-2530.383871,-32.60253483,0,0,,,,,10790.62878
20261226,GANA,762478.378,-375,-116.9381551,0,0,,,,,761986.4398
20261226,GATUN,1421295.309,-50854.39899,-850.45931,0,0,,,,,1369590.45
20261227,GATUN,1369590.45,-50854.39899,-850.45931,0,0,,,,,1317885.592
20261227,CLM,10790.62878,-2530.383871,-32.60253483,0,0,,,,,8227.642377
20261227,GANA,761986.4398,0,-116.9381551,0,0,,,,,761869.5017
20261228,GANA,761869.5017,0,-116.9381551,0,0,,,,,761752.5635
20261228,CLM,8227.642377,-2530.383871,-32.60253483,0,0,,,,,5664.655972
20261228,GATUN,1317885.592,-50854.39899,-850.45931,0,0,,,,,1266180.734
20261229,GANA,761752.5635,0,-116.9381551,0,0,,,,,761635.6254
20261229,GATUN,1266180.734,-50854.39899,-850.45931,0,0,,,,,1214475.875
20261229,CLM,5664.655972,-2530.383871,-32.60253483,0,0,,,,,3101.669566
20261230,CLM,3101.669566,-2530.383871,-32.60253483,0,0,,,,,538.6831599
20261230,GANA,761635.6254,0,-116.9381551,0,0,,,,,761518.6872
20261230,GATUN,1214475.875,-50854.39899,-850.45931,0,0,,,,,1162771.017
20261231,GATUN,1162771.017,-50854.39899,-850.45931,0,0,,,,,1111066.159
20261231,CLM,538.6831599,-2530.383871,-32.60253483,0,0,,,,,-2024.303246
20261231,GANA,761518.6872,0,-116.9381551,0,0,,,,,761401.749
20270101,GANA,761401.749,0,0,0,0,,,,,761401.749
20270101,GATUN,1111066.159,0,0,0,0,,,,,1111066.159
20270101,CLM,-2024.303246,0,0,0,0,,,,,-2024.303246
